msno,city,bd,gender,registered_via,registration_init_time,expiration_date
MXIMDXO0j3UpaT7FvOSGW6Y5zfhlh+xYjTqGoUdMzEE=,1,18,male,3,20120101,20180101
o+5RNlSWrzvrphgBNGIo1FLkGxBgyICns6qXj3nS7Pk=,3,19,female,4,20130101,20180201
FGtllVqz18RPiwJj/edr2gV78zirAiY/9SmYvia+kCg=,4,20,male,7,20140101,20180301
KGXNZ/H3VxvET/+rGxlrAe7Gpz2eKMXyuSg3xh8Ij1M=,5,21,female,9,20150101,20180401
cqjRBV/jWN2ujhc+z/4tz+Mj6xEfflAAt6qBXCqxKvw=,6,22,male,13,20160101,20180501
hYJpPvGod6vy09TnlXdQe3Q0vlxju5u5Ruf8V2XkTio=,13,23,female,3,20120101,20180601
SZ5NNypqaTWljFO1HiVZwkw3713+rM9x/JNdJd8/fzc=,15,24,male,4,20130101,20180701
dU4RbzpIRRd/EkA9Xncpy9CglzDBZp7nKMfdnfr3Aj8=,22,25,female,7,20140101,20180801
OOUnJuX4SteRhUdJZ9B2DqtfiwsfcZVBefEhXLeBsFg=,1,26,male,9,20150101,20180901
frZtrrN1Y2ZqZX3VFiq7FpAvLth3kZJNovT9cmyn2O4=,3,27,female,13,20160101,20180101
7xiBI5xU3P2/IiR9teB7jySfzWo96JGikGajteLd3Cs=,4,28,male,3,20120101,20180201
4tuTIArXO3WO8/zS9y2CC34ywEfChjAKUchlKW00DMM=,5,29,female,4,20130101,20180301
JkQacE3rvmhh65R04eDLbu+M7MCkpzmHwMGrbZo0puc=,6,30,male,7,20140101,20180401
gxxBbzV3eE2XGjUrFVB2FzAve55Oe1s86HD+OEh36Gw=,13,31,female,9,20150101,20180501
1d4acB2bhEZCFjSRwvO4ls8PrBtvNTlkcAcxYx8FcWE=,15,32,male,13,20160101,20180601
jL7ukei/Kb4gDCfTG4+VhV4TzLaDecjji/aW+GqWvac=,22,33,female,3,20120101,20180701
y3IT85vrzY2iBxFg6nsh4Cmg+mV3oqR73TPekK7x1Rc=,1,34,male,4,20130101,20180801
YU6fAgCFgPkaJ1YSW2838KzGTxmBCfgousTO8jwuHYM=,3,35,female,7,20140101,20180901
TxneOykZ/MOIbQmA/aJ4EUQUIR9r+Egt6TNQu0WgwpA=,4,36,male,9,20150101,20180101
LThaiVqGGnVTPmTcmwN/LLo4fVb5dzkduzd7s1SgzIA=,5,37,female,13,20160101,20180201
UTAElx4+rSh2QViTKHQhC40cphX7ZIYafAOMJOJCshY=,6,38,male,3,20120101,20180301
2+T8pswRgDmvZ6B4esKi3lWZyT4xqeVKmv19J0/y51w=,13,39,female,4,20130101,20180401
TDHfjwkLrnoorqjTUFtlzSL47Yl1oEBpHM8k7qHrIdI=,15,40,male,7,20140101,20180501
mGDObQQojFOJfK2rJKcme282huuk0qDxBzWL22/qYbc=,22,41,female,9,20150101,20180601
FaH6rl69OOVwbsO30jjdjVXD9wJO8pcVZS6LGy5zTJM=,1,42,male,13,20160101,20180701
HVcWdf8CEo9s6qwt5V7TpoPYJfRlQSTA6b7kxEAImpc=,3,43,female,3,20120101,20180801
s8Oce1igq03hako2pQCfeXyPVkBs77ArjdrZEQAjpbk=,4,44,male,4,20130101,20180901
6aH1YAi5YwvZUHtpjEaMQwM0p4wP4XLrkWQSdXDF9L8=,5,45,female,7,20140101,20180101
T+FJrpYi77CWTUE5nO/vliojRaTPgt2bRUQHy5lhXrQ=,6,46,male,9,20150101,20180201
mDJCU+fKu/mbdk9l4SmPYiJwpeMyK44o9wmG1X3735A=,13,47,female,13,20160101,20180301
2tmUzRCcD0l3et0ck9XfxZT6gT9LM3w8gwfckVNylIU=,15,48,male,3,20120101,20180401
YYdQJgjemCT/fAv8s+CwfmgDprAQOneJ2M2SdArq9V4=,22,49,female,4,20130101,20180501
cNssc+2L1Fx77CzASou28E9qfWeJjQKZtfoADkl/xkQ=,1,50,male,7,20140101,20180601
Xbrr2Sbq8NuLG+1QZWm/Iu5P52fUTvgspCYNG8wmfPQ=,3,51,female,9,20150101,20180701
V39VxDdE9SgMQZnX58oQChm9W056pw2lC3TiifMfkKw=,4,52,male,13,20160101,20180801
HdnZZ4P0Vjxo2tgTvO1rsT/H3NkG7jvfrnCuF7TBK0A=,5,53,female,3,20120101,20180901
qljEWgpUDxIw7Lpc9mpZSYjpH+RmsE3T6s0x852lzRY=,6,54,male,4,20130101,20180101
K7obY5lUlZTd6a/byE9NG/e7Q/dlgHfppLbYk8OL7os=,13,55,female,7,20140101,20180201
a3O5che4tB5RTo8XoApn10uQ+FpVjTNwJfNrrQyaMXk=,15,56,male,9,20150101,20180301
ocQB699RoI5sBlRUfv8tu++vqupI35/95l3U507jdpw=,22,57,female,13,20160101,20180401
Wg1bSRX3JtJ9ElarOhpbEaV5pu9lgTeS33mARTV+Sl8=,1,58,male,3,20120101,20180501
WRwcfUKwDVQ46cylDQ1Tf8ayTojVYeh/00m0ubVNxQo=,3,59,female,4,20130101,20180601
bEJvXhD1XWK8qi0Lhydk9nt30hOTCkxG0a70s9ZeCEk=,4,60,male,7,20140101,20180701
1wiu2UfN0BNhHfPTrDS3S/rQkX/vnwDoKH6ODTUdH9k=,5,61,female,9,20150101,20180801
tnPUP8fJSxqSkuJZygxUzdvY2dVUyPxoKCGHmrwcKEM=,6,62,male,13,20160101,20180901
EZmIP7zKgqKwpEHnuDjRIkzCmcLNlHn4hkiglZ5LxK8=,13,63,female,3,20120101,20180101
tlFGRF/TtrSwJA9XPHL4cajWghZCbAbhzif/6wJiN6Q=,15,64,male,4,20130101,20180201
+Y+wTRRkZ0QA3bV4+7nwu8qlN5Kb7ygMhqvB5L929YI=,22,65,female,7,20140101,20180301
E23IyF1NtT7IeesuDuHWR6g/yMpWrq3cN3U4qTjXE0A=,1,18,male,9,20150101,20180401
z1IXxOkXP6uCWwFJLibRkXzU7USedggSWIfGJl/HFQg=,3,19,female,13,20160101,20180501
qn0aqqC8dcshYsmcFmFYJtebwjMp6kLr8yanC5QC79o=,4,20,male,3,20120101,20180601
00qmlWC3H/cjf2Ig1li5xIO0VNDRgBX0f9ilouDBEZs=,5,21,female,4,20130101,20180701
saNgxsUQwx4IXBRgFF0w3uJN6KzvQBEv3dI7dDaz97g=,6,22,male,7,20140101,20180801
wIeuCRmznzwE6bVrKuo2QRfkztVfQVEYMNaugLCPTS4=,13,23,female,9,20150101,20180901
w4SNbHDAMuMbulkgcHGYOl/datijVua3CR5D73DylLs=,15,24,male,13,20160101,20180101
3TZaybijIyaqU3P+moI/mzFWcAj6aR0p7bmxLT9iRq8=,22,25,female,3,20120101,20180201
NwX1NaVlyw0jvfQNxLTcx9ztIUKVL/sjkccdAmMpfCA=,1,26,male,4,20130101,20180301
OOETiYOFhuTowtgRUIiKommGv0eo6XUHLc1ofgwcJew=,3,27,female,7,20140101,20180401
xjA4Fs3CO4k3jQSXLFhn21zxTcYVRRRTzof3ZPn8KFg=,4,28,male,9,20150101,20180501
uCDJmSDTzA5PpnYGqKvNmFbwBIoS3jIXFbO5YfoCv/Y=,5,29,female,13,20160101,20180601
16fsOt7imefLSFsV7mWoP1AL+bpjP1NuWzQ5QP9tj8k=,6,30,male,3,20120101,20180701
YkG93vvIFdFWVWsYqT5w6t0X4uw9/RS03jqzhBzxFlc=,13,31,female,4,20130101,20180801
H/MB+uttGlGIMr7qru4HYG4dVbh0e1mBuoryBOKz/RU=,15,32,male,7,20140101,20180901
+3RfkckBHS0oQrrjJj7p69bdwJak+qzKq0fhFaeXUxA=,22,33,female,9,20150101,20180101
R2FvE4x+hefwL4evbgNGNCng13c1MkP3PHocNtU91qU=,1,34,male,13,20160101,20180201
Y4FvDsosFNoz4ZHIAbuwgUBSFK8qY2oE5p7V8wymc/Q=,3,35,female,3,20120101,20180301
H5DWyI7bujtol5aU1pzvLdfBAs45Ym/5jicdUlerf2s=,4,36,male,4,20130101,20180401
vSstkkQzt3KMmyvh0MGHpXpgzHO6kobAYipy6ik6HB8=,5,37,female,7,20140101,20180501
P+Sxa9gtP8P8IQcpPGbwWmEFdrF16hTrtfXyfa5aGoI=,6,38,male,9,20150101,20180601
xQp8uu2ljPWqokw6Eg+4TCB/GUC/EZwFMcapcleGiDw=,13,39,female,13,20160101,20180701
f2c4l3mhW4SmXKRP+OfPUdbQ4U8afe+gqcX9Dmh03Xs=,15,40,male,3,20120101,20180801
QDvq4xn7ZSBkamVnc8nL672oxKVqcR2zdgRGQf0giXs=,22,41,female,4,20130101,20180901
4DlS5LiANEKlMTQD08dakyV1JWwPYI/n1wyjx4ImjPc=,1,42,male,7,20140101,20180101
5wvbHjIY9vAARXRg82rOSUqfZlHLqJN88I8W8bwsiSc=,3,43,female,9,20150101,20180201
pJxMd9PL/N7CdwTwKu3YqiqYSRAJHuejlrTonaPfPfU=,4,44,male,13,20160101,20180301
a6uMxhS43vQ++TrVP3jdHT4lFfjw61SlIsCkvigQ5ro=,5,45,female,3,20120101,20180401
EDSn8rAs8qjUvqhhFG5diTbaVbJi8qkoKXeMzf2JGVQ=,6,46,male,4,20130101,20180501
NzxFYmHEK32NaephTO2QGtxiR93Cf7U/Tp6jkoY25WE=,13,47,female,7,20140101,20180601
FG+WikEK8x1GZIB4E2keTq2SJX4bXjFjG5gkjc8qbcw=,15,48,male,9,20150101,20180701
+boPBM5G5+vAfbO6zTy7A2FrVQyl91aBPGHkQ6ciNYc=,22,49,female,13,20160101,20180801
E9jsIxPWhebfnR8cbqPgS+FxCt0zBSXP+72mYRFg0+U=,1,50,male,3,20120101,20180901
2LbejuZF550yFLDXLIBw3gd/c462BIJ+S/SOwneSXUM=,3,51,female,4,20130101,20180101
lfK5QUAaa28niDIyQ2oGkSntvSe7G5EmQ1N6nvnE8lY=,4,52,male,7,20140101,20180201
vBNHobQRQsofef7+9NZk4C6Y6T2PBXSGXUbn6c8UOcg=,5,53,female,9,20150101,20180301
KsjbiO2iw8TpMfu+9Bf2p8GI57Q53lsHXy1xWIMKH/E=,6,54,male,13,20160101,20180401
Jc84woRFJuyMAC6hDcH/Rr84MGq9ucuxeZveZ00kI5o=,13,55,female,3,20120101,20180501
mrjKYVskMUAksvPgRky/E2g/TiPdbpH1j5CCOzAC5RU=,15,56,male,4,20130101,20180601
/mmecbnAd2Jrji3aonisktBko1/o+F68GqpV8X4gHiI=,22,57,female,7,20140101,20180701
H1D92jYJ3GyJWLmt3ZAE3QgxgfCCit8WTsT7+KwS+vw=,1,58,male,9,20150101,20180801
yBXKYfcmQ+TtIEvkLQXabAY2uwudIGn21dEZYAwCDCg=,3,59,female,13,20160101,20180901
tiYOcOjJ0qgAJDL3hTboZye11uT8tBbNTscBDWxCWLw=,4,60,male,3,20120101,20180101
O3ElkgfVd3DoJysnWAIgIPF4N3Y9LPmlm+aC5G+UXGY=,5,61,female,4,20130101,20180201
nAiRf+UmYT7ZWIOUF6Ig3D0FDVIVpSgUb+H40Vg1eQU=,6,62,male,7,20140101,20180301
TxvdtN1Ehq4kbgU5J7lw+ik6Pc0NZjnQKARPiCCf0fk=,13,63,female,9,20150101,20180401
WtuOpsYQ8St9zt7yySdryqDUCxeT4/v2rLRA7+lsahQ=,15,64,male,13,20160101,20180501
P3tJU/DjIEbh0ucnC1KT8wojenDDSwx+blB8pFp/KeE=,22,65,female,3,20120101,20180601
BNSYbtaNNCYfKVig95LpQJArTEx/RN2FgivSohB8r8M=,1,18,male,4,20130101,20180701
/2A361q3cuoEFZ0FoMEWj8SIVRJyPpHZQ5ni6Oud88M=,3,19,female,7,20140101,20180801
8tSgHKzljg7TyPLYrU9L7CgHIdShVvyV/d6PccMRzhw=,4,20,male,9,20150101,20180901
E3yiQ2d5+KiGkm622V73IRgukx9qXPYJIpG6xWF/lF4=,5,21,female,13,20160101,20180101
08sWvzS2VVyKAVQRi6z4gxGxRQ0YQM0BXsXdVEKuzSQ=,6,22,male,3,20120101,20180201
rEVqJ3NIxC9LSUZYOj1ft5VSAvFo3AxNu2k36hKKtWc=,13,23,female,4,20130101,20180301
wv0o115CdKSsFlsV7VvHikjyxLG0LFc5qALhM8xkUZ4=,15,24,male,7,20140101,20180401
Ty59+gs+lfVbfm1T/SDqLmbFhtkAP4Mm75uYiaKZ6kk=,22,25,female,9,20150101,20180501
MxCUQ6tAD7LU1yR0gwRck91ZKE88gY8kD/rX9Hi9srQ=,1,26,male,13,20160101,20180601
OyELWVNKZMJtqg+BFArzAokp8bn+pGhBWbCZaxyLIus=,3,27,female,3,20120101,20180701
A6DJoTdyfFVxhngH62vlscx6pJsakhdeNs2vDEVTfH0=,4,28,male,4,20130101,20180801
cF/VJmBHwhcqdd016oPP1wXBdWSjxEHEzwlhEn4+/4A=,5,29,female,7,20140101,20180901
crUeQ6DYDHHRNYmn+n5Kodfvu9ki0IdHfXHNlZEUPHs=,6,30,male,9,20150101,20180101
baemFqI4x+fpHweCJQeb64jdSmOWUKkJuwK5BrgcsX0=,13,31,female,13,20160101,20180201
n7V1D5AuwLykWxCzsU1eNPSyxVbrSXs6IXiWF2zN0gY=,15,32,male,3,20120101,20180301
4MSFgArmrrq1abQEeuHkmNQjEkqn5r/Z6/LNObSm3xc=,22,33,female,4,20130101,20180401
lSkUSnCm60kDLdEsnAVp6jwr2HkyIhDCEZLX82djjHg=,1,34,male,7,20140101,20180501
UvM0IMLJ11PTOjdjhqapNQmHcbttfsiyv5+dtIR2IK0=,3,35,female,9,20150101,20180601
uhEkft9Ht4TsUF5wBkmmZbtbaIVESVfiUnMlxHYl0HI=,4,36,male,13,20160101,20180701
3nWFLb+IVt1+0JcM73g0wIG2AHtyhsI5RlG7gHziOFA=,5,37,female,3,20120101,20180801
5LGtbWKwKifap3ECM6HO04gPY339RM0oF7D/MfWzUxg=,6,38,male,4,20130101,20180901
3i0jlUKhqqUKqFsoJVgN2UcDOuri7fCiE33XUCnKHXo=,13,39,female,7,20140101,20180101
HfVrxfpxOJuQ4FofEFxdlwm9yvaoy8y0JOH3GaQ/RTs=,15,40,male,9,20150101,20180201
PC0HTwpYB4UtDaA1s7qlkmktEzeiz57VXvIJijk6ChQ=,22,41,female,13,20160101,20180301
B4P1g6sGBILzGhelH/YKkfpkFgWfn/LgS4KgU+bEaD0=,1,42,male,3,20120101,20180401
o6lVTGcU8lL0OI4fOMWc21THJHoOjqxxYlYACoyTN6g=,3,43,female,4,20130101,20180501
Z56mxjHqnR1FK1d5gkf5ARTxwZF8h0HPI+rHFGRrMHo=,4,44,male,7,20140101,20180601
qd03y2Hs/0xCA/dPExadbY5XQdTHOcli3h8w4KTwhZ4=,5,45,female,9,20150101,20180701
5pr+x566HOsYLEv4ouZ5cEHFFwBB74xaFbExdPGJ6b0=,6,46,male,13,20160101,20180801
EErUQnZWpOhxSvs3UlAQ6Jme7r+DjJyvkqhEceArwBA=,13,47,female,3,20120101,20180901
YQiox2a4tbRbNBaL+VfOLH8oea77HPJMPWRh8euXZqM=,15,48,male,4,20130101,20180101
2yBzq7nUBV99ankkp7O46elZikHVB5BvqHcr2Lzetlc=,22,49,female,7,20140101,20180201
1m91HsZUO53drOd2CmAT2nf4JnK4xxBfbzPNTu9pkjU=,1,50,male,9,20150101,20180301
8Pvl/iQSa1A4J/op1WLFoj9PGFv5WHjDas6efapYoss=,3,51,female,13,20160101,20180401
tNvUsQwOJX5OgGsBBN9to3vI+DoUc6S1BFgNXUaYoo0=,4,52,male,3,20120101,20180501
16pGH8W1JKJTrQSZDX3gQY57S3FiO4YJheGRiYbONsU=,5,53,female,4,20130101,20180601
oqovZIlVcIUL0aIMGYtXxy3R+xJcxmJBJUXeIb+HJYA=,6,54,male,7,20140101,20180701
KXS4mDTuweetiTTxgkbg8uohB20KUXvkXz6g4l3r40c=,13,55,female,9,20150101,20180801
BqnomjS+KJtzWrGRkqLEoO3I7KapwN4B8H9in4Fsf+I=,15,56,male,13,20160101,20180901
SyBjgDUF6aV+1d17oV4XPDBkJLU//LAOwWdYh4DAUiU=,22,57,female,3,20120101,20180101
JoGt+PgRGKHAhTQnaRqQygBWdDwGE6gdPbeGiGP4/Lc=,1,58,male,4,20130101,20180201
x+k/zTEqdgYq6O+r1iDjKRaQnaCS5118gzBe8c12r1Y=,3,59,female,7,20140101,20180301
FrYc5vaJMygJR0CjtIqrigWOlEKURefFwGKvr0BlbMI=,4,60,male,9,20150101,20180401
O6cmcavFpTlX0oU/WxJrYGxLIvR22dVpHz/VJxylp8g=,5,61,female,13,20160101,20180501
akW+xn32y3X+ZisQokWwV8+caojTEpm3E8lV8E3yuBk=,6,62,male,3,20120101,20180601
0ut67E6+04VZ9RDX1nJYPmPARhbgYbsjEKl7K4dpjDw=,13,63,female,4,20130101,20180701
XkORogCcAwIoTSBptOED51tv9wXQ2WCEqGgvwqKsyU0=,15,64,male,7,20140101,20180801
rdNI0wgxmcsOgjH0akX2/zzW8qbDZc45D681Mpq45jI=,22,65,female,9,20150101,20180901
UhqjLSMwLYzjZFDyYQF6A33phr0tPNXyu7+I08q/u8g=,1,18,male,13,20160101,20180101
rRUTKZAVxGBh5XRUk+Lk/b/gHcAOsbk1hiQiEfubDh4=,3,19,female,3,20120101,20180201
gNqpBxDbTlhvjHhGUzkOXI7uwdcMfsUjThCFibPphkQ=,4,20,male,4,20130101,20180301
wobMEyGx2iCkFu27/HPRJIky3S8tO/rS8Rr+tsvEe0k=,5,21,female,7,20140101,20180401
a4aEMKA1bMIwfCarB0qN+Fjag8swMwFfXm6ri5KJvms=,6,22,male,9,20150101,20180501
a89sofbsaFkpzn8/P10elgzbXDQokPTlsKc1uqi7Zco=,13,23,female,13,20160101,20180601
xEeMEDdDCvfLGt6eoayVgVh48nLdPvEm1XzwzY6lT58=,15,24,male,3,20120101,20180701
3yBpYWqEybBPazsqB5NIhrXKCFe1Djn5orPBvxz9ArE=,22,25,female,4,20130101,20180801
0gR6Hl63ExurTrvY9uEfmgDDgRj0nBaIse0DU199YT8=,1,26,male,7,20140101,20180901
lFQM2AQ0IIifeOgmnRDSFEuWfh7XQZm0Z+O6K696CQk=,3,27,female,9,20150101,20180101
UjuPJCQo/YoGVR/yJ+CocmWUk2czJE0BBKqaPpVYV64=,4,28,male,13,20160101,20180201
rGbXmjKDOsBV9n2LJEPtx4GcJS00c7Bs9ZFo6icxVJM=,5,29,female,3,20120101,20180301
n5v6IqRk4CZnELtP0Z2et7EZrdPicfyhvD2gIdq1Mcc=,6,30,male,4,20130101,20180401
V8pNUizcKwTRuSQAtzXJBAJ7B8cyf0EegXkljvIvFqo=,13,31,female,7,20140101,20180501
IU4XmahhntFf39v7Xzd/Nk6fjzZCCpAjOU8xW2TWHGk=,15,32,male,9,20150101,20180601
Tb5tCteFbk+G5Jyvq9SqD1eAzgZ98WR/xOCvvjkNCog=,22,33,female,13,20160101,20180701
8ncKS6kWM+oSslEfrPcRMcHq5VVQqBcbWoQ0FHlDgPA=,1,34,male,3,20120101,20180801
4aRFGkKzGUpqTbjojytAtRQNdx0egL02hjJhSqq0+NA=,3,35,female,4,20130101,20180901
PwnWgkloewAh6nr1MpRnSm6jbrltEb328ifDj7ccDZc=,4,36,male,7,20140101,20180101
VE8ZRudqIj9zHOSXxGg3cLOBkbykv78DwWN6IXRusWo=,5,37,female,9,20150101,20180201
4abUL+lw0T5WFbdgeEyj8UHqyYxA7Exgw2tWiDJVSwY=,6,38,male,13,20160101,20180301
ZIThPCdbFdxx0T+qKaAnQprzkTcoMTJL66Of3nlFGLA=,13,39,female,3,20120101,20180401
XHJRZV5Xgcub4dNGuzRj5tVfDD1iwrtoXmdQOWtlc3U=,15,40,male,4,20130101,20180501
sgT7F0PbR9/iCyzeSzcl//+E+fK3CeZmM1deeeJ5rZ8=,22,41,female,7,20140101,20180601
b5XWI+EhZTCGoQ6YK/SLu3tmCnKh8Z7wBK6Gztm49uA=,1,42,male,9,20150101,20180701
uA7h005WTDJTwS1Tv1uzmWcWTpt/7x7Xx8JydbeMi2U=,3,43,female,13,20160101,20180801
TO253iXvHroemKYZ23M7YL7uu6Um4zEwByNl4wcpIYs=,4,44,male,3,20120101,20180901
DqwB7smOAIbNnnQbWOpfsmy9znTwfDEQCW1I6ujFG48=,5,45,female,4,20130101,20180101
dO8vzPwqXvOjrPWDW++gVecwTNnzesp3zW1dtRc6KEk=,6,46,male,7,20140101,20180201
OMy7VLQDDDlAqrp/YCl+BvzGIgZoWNejIDqSl8siqIM=,13,47,female,9,20150101,20180301
uQ6LOBwmu7lIjv+wFaq5+M4IcAZEha2J0uyDB6Y8aqY=,15,48,male,13,20160101,20180401
hzy7RwzEVDm4JmC0X2qLUvnoE1+2zNTEea4fOe/o6ms=,22,49,female,3,20120101,20180501
dZNojW/n4mqxR6RSZt4CMeCnJzzxBYi6n9qQCKbghvE=,1,50,male,4,20130101,20180601
38LUs5mVWNKfyjL7ilf9JCnWZLjnno2obLXr69JJKcw=,3,51,female,7,20140101,20180701
Bljj9o7B1zgL0RIpZef1SlSigiTIMr0mDPv7aUyzuXo=,4,52,male,9,20150101,20180801
UGX+2jh3WO5XRuVOPuPCiIetzHlBjh0DPOLPeJSe36E=,5,53,female,13,20160101,20180901
Y8fGbgG4J6bpoXzljxRIp+hwVjk2ULHaLAfJatxHjg0=,6,54,male,3,20120101,20180101
LR9NLKme+aT6uoW3R5XlLu9gq7LQG6tt+bJTEPpcrGg=,13,55,female,4,20130101,20180201
pRHIP4XdwWx7YpREsLN4sD0gb2BUEbhKytDXlwUAO+k=,15,56,male,7,20140101,20180301
Mue3orxlJaHmK07bXWDrchFW1f/Or6TLVfMwx9fO9aA=,22,57,female,9,20150101,20180401
J/KdXo5kGQs+dRxYam3/tZlwhl7ZX+sYvvCdjg8Tqzg=,1,58,male,13,20160101,20180501
p9Lk74DKfVohPHjTvzHSVQ3lRaqW2ofcBolP45FJgiQ=,3,59,female,3,20120101,20180601
hOyJGmY7tciqGf1EhDj5UT86IfSSnaTHP5JWAPxYN6s=,4,60,male,4,20130101,20180701
Mn98O4X/zceMt9nswcoq08F16ciCqhuN7lQ951MAL2o=,5,61,female,7,20140101,20180801
6bwk5TTaA1YSOmPoxDgBBlV5CrZJEar2C6SxwT5nDrU=,6,62,male,9,20150101,20180901
zYTm2T59lT+Z/hpoywdET+EGMcRhwi4rzL7WD09iRC0=,13,63,female,13,20160101,20180101
tnBf+t14y3vlNshUe1XQbIWYtTBMBYmVXIMWdNVRv/o=,15,64,male,3,20120101,20180201
SWoa4UvhuutHxhcRAxlfTc6Jr1j5tGw9cp3Kiq+ayKM=,22,65,female,4,20130101,20180301
lq5Q5jIo2pNtn/bTBZy8e07jc4qcIhLI7PXeieo/EgI=,1,18,male,7,20140101,20180401
R7AyK9ZUi5d21sCDumgghXW+TNacd/qN0dNMa0C22pA=,3,19,female,9,20150101,20180501
9wwJC2y3YDYTilHnM+uYnPS7GCxV625Hs4VZ7sc6OKY=,4,20,male,13,20160101,20180601
aMB9nC9PVKXsk/K++qMMG0in0dvk2XiUFuAnr10qiac=,5,21,female,3,20120101,20180701
fVZedYe9G51wW8jy3Ws7FuF5IKx7zxQYWvPAfCdIRJE=,6,22,male,4,20130101,20180801
AXKTVBbdr2/z7m5WL1IXzlriNbun8B+7wM41MsWCYDw=,13,23,female,7,20140101,20180901
AEZNdJt0QGYpBlT97tdnNaNHW5SqpgJb70TFmeZBYbg=,15,24,male,9,20150101,20180101
EBXSMA3gzTff0F01n56dHSBQR/IDWiwuw5S+ksPgTc0=,22,25,female,13,20160101,20180201
