song_id,name,isrc
reXuGcEWDDCnL0K3Th//3DFG4S1ACSpJMzA+CFipo1g=,Demo track 001,TWAAA1000000
T86YHdD4C9JSc274b1IlMkLuNdz4BQRB50fWWE7hx9g=,Demo track 002,TWAAA1100001
wBTWuHbjdjxnG1lQcbqnK4FddV24rUhuyrYLd9c/hmk=,Demo track 003,TWAAA1200002
FynUyq0+drmIARmK1JZ/qcjNZ7DKkqTY6/0O0lTzNUI=,Demo track 004,TWAAA1300003
PgRtmmESVNtWjoZHO5a1r21vIz9sVZmcJJpFCbRa1LI=,Demo track 005,TWAAA1400004
YN4T/yvvXtYrBVN8KTnieiQohHL3T9fnzUkbLWcgLro=,Demo track 006,TWAAA1500005
M9rAajz4dYuRhZ7jLvf9RRayVA3os61X/XXHEuW4giA=,Demo track 007,TWAAA1600006
U9kojfZSKaiWOW94PKh1Riyv/zUWxmBRmv0XInQWLGw=,Demo track 008,TWAAA1700007
43Qm2YzsP99P5wm37B1JIhezUcQ/1CDjYlQx6rBbz2U=,Demo track 009,TWAAA1000008
cy10N2j2sdY/X4BDUcMu2Iumfz7pV3tqE5iEaup2yGI=,Demo track 010,TWAAA1100009
J4qKkLIoW7aYACuTupHLAPZYmRp08en1AEux+GSUzdw=,Demo track 011,TWAAA1200010
750RprmFfLV0bymtDH88g24pLZGVi5VpBAI300P6UOA=,Demo track 012,TWAAA1300011
+SstqMwhQPBQFTPBhLKPT642IiBDXzZFwlzsLl4cGXo=,Demo track 013,TWAAA1400012
IKMFuL0f5Y8c63Hg9BXkeNJjE0z8yf3gMt/tOxF4QNE=,Demo track 014,TWAAA1500013
v/3onppBGoSpGsWb8iaCIO8eX5+iacbH5a4ZUhT7N54=,Demo track 015,TWAAA1600014
DLBDZhOoW7zd7GBV99bi92ZXYUS26lzV+jJKbHshP5c=,Demo track 016,TWAAA1700015
p/yR06j/RQ2J6yGCFL0K+1R06OeG+eXcwxRgOHDo/Tk=,Demo track 017,TWAAA1000016
Xpjwi8UAE2Vv9PZ6cZnhc58MCtl3cKZEO1sdAkqJ4mo=,Demo track 018,TWAAA1100017
8Ckw1wek5d6oEsNUoM4P5iag86TaEmyLwdtrckL0Re8=,Demo track 019,TWAAA1200018
BITuBuNyXQydJcjDL2BUnCu4/IXaJg5IPOuycc/4dtY=,Demo track 020,TWAAA1300019
n+pMhj/jpCnpiUcSDl4k3i9FJODDddEXmpE48/HczTI=,Demo track 021,TWAAA1400020
BgqjNqzsyCpEGvxyUmktvHC8WO5+FQO/pQTaZ4broMU=,Demo track 022,TWAAA1500021
OaEbZ6TJ1NePtNUeEgWsvFLeopkSln9WQu8PBR5B3+A=,Demo track 023,TWAAA1600022
3VkD5ekIf5duJm1hmYTZlXjyl0zqV8wCzuAh3uocfCg=,Demo track 024,TWAAA1700023
/70HjygVDhHsKBoV8mmsBg/WduSgs4+Zg6GfzhUQbdk=,Demo track 025,TWAAA1000024
fEAIgFRWmhXmo6m3ukQeqRksZCcO/7CjkqNckRHiVQo=,Demo track 026,TWAAA1100025
WL4ipO3Mx9pxd4FMs69ha6o9541+fLeOow67Qkrfnro=,Demo track 027,TWAAA1200026
fCCmIa0Y5m+MCGbQga31MOLTIqi7ddgXvkjFPmfslGw=,Demo track 028,TWAAA1300027
VkDBgh89umc9m6uAEfD6LXngetyGhln4vh/ArCGO0nY=,Demo track 029,TWAAA1400028
L6w2d0w84FjTvFr+BhMfgu7dZAsGiOqUGmvvxIG3gvQ=,Demo track 030,TWAAA1500029
+Sm75wnBf/sjm/QMUAFx8N+Ae04kWCXGlgH50tTeM6c=,Demo track 031,TWAAA1600030
QZBm8SOwnEjNfCpgsKBBGPMGET6y6XaQgnJiirspW7I=,Demo track 032,TWAAA1700031
+LztcJcPEEwsikk6+K5udm06XJQMzR4+lzavKLUyE0k=,Demo track 033,TWAAA1000032
THqGcrzQyUhBn1NI/+Iptc1vKtxBIEg0uA8iaoJnO1Q=,Demo track 034,TWAAA1100033
8f/T4ohROj1wa25YHMItOW2/wJhRXZM0+T5/2p86COc=,Demo track 035,TWAAA1200034
ClazTFnk6r0Bnuie44bocdNMM3rdlrq0bCGAsGUWcHE=,Demo track 036,TWAAA1300035
ys+EL8Sok4HC4i7sDY0+slDNGVZ8+uOQi6TQ6g8VSF4=,Demo track 037,TWAAA1400036
zHqZ07gn+YvF36FWzv9+y8KiCMhYhdAUS+vSIKY3UZY=,Demo track 038,TWAAA1500037
o9HWMBZMeIPnYEpSuscGoORKE44sj3BYOdvGuIi0P68=,Demo track 039,TWAAA1600038
wp1gSQ4LlMEF6bzvEaJl8VdHlAj/EJMTJ0ASrXeddbo=,Demo track 040,TWAAA1700039
KZ5hwP74wRO6kRapVIprwodtNdVD2EVD3hkZmmyXFPk=,Demo track 041,TWAAA1000040
35dx60z4m4+Lg+qIS0l2A8vspbthqnpTylWUu51jW+4=,Demo track 042,TWAAA1100041
G/4+VCRLpfjQJ4SAwMDcf+W8PTw0eOBRgFvg4fHUOO8=,Demo track 043,TWAAA1200042
k8DZF0FFuy2GydI7mnH1tH50pFcEQMPYVD/A7Y/T0QI=,Demo track 044,TWAAA1300043
7EnDBkQYJpipCyRd9JBsug4iKnfAunUXc14/96cNotg=,Demo track 045,TWAAA1400044
JA6C0GEK1sSCVbHyqtruH/ARD1NKolYrw7HXy6EVNAc=,Demo track 046,TWAAA1500045
8qWeDv6RTv+hYJxW94e7n6HBzHPGPEZW9FuGhj6pPhQ=,Demo track 047,TWAAA1600046
MtFK4NN8Kv1k/xPA3wb8SQaP/jWee52FAaC1s9NFsU4=,Demo track 048,TWAAA1700047
r4lUPUkz3tAgIWaEyrSYVCxX1yz8PnlVuQz+To0Pd+c=,Demo track 049,TWAAA1000048
1PR/lVwL4VeYcZjexwBJ2NOSTfgh8JoVxWCunnbJO/8=,Demo track 050,TWAAA1100049
OakhL7CLirelAGEP9sYyP6fmTa8HV1mD/qVdpM6o5uE=,Demo track 051,TWAAA1200050
IgMar/mVrJQ+ODFPytDf7jwQMmR09+slyZUdVylRFLc=,Demo track 052,TWAAA1300051
A7Z2nDVASy04EpmfzOL9PRMN3hFVbWQ7ah4J+o9sLnE=,Demo track 053,TWAAA1400052
x+wwBWqNXLShElFWaLs1ahI15dN4cl4ShC1/Wm4PsH4=,Demo track 054,TWAAA1500053
msJWKceAKkJe5FJDUUpnHBL8qS3QQUC2faxjiJrEw5w=,Demo track 055,TWAAA1600054
Ot8WIXZXzvgZeZoCwcimfORgLbZJJdslmuvO1ufZB7k=,Demo track 056,TWAAA1700055
gvHR5iZ5GWVYZBMTQFo/k0LB3Hh2RDUNhDgOCzICosE=,Demo track 057,TWAAA1000056
q5/Vwifgv0SGdEIyiMU2F0pIXkeCIW3w2xB8n4iMoS0=,Demo track 058,TWAAA1100057
EH+nzRuSscqbP1Xd8ulzTMCGLEjqdzdxCaR8Fgyh6VY=,Demo track 059,TWAAA1200058
SHV52/0W8kZcf3uJZF9+ZP3S5vu2RO4WNGhZ8qQHulU=,Demo track 060,TWAAA1300059
EL5DbsSvhAFtMBBoOjs4aipOjC3Xj4syX/l/wlK+kdM=,Demo track 061,TWAAA1400060
sgHKhG2d57U2o88razl9SyG1nuuMDf0J2BuDhzoI12Y=,Demo track 062,TWAAA1500061
IomyG8OwXU9lWvede4KdHxtUZ+eppEdusnOCDDok36g=,Demo track 063,TWAAA1600062
GFWjz4apE8zMiXe6wc0qCjr+DbK9BFkwo/rr+FsNm+g=,Demo track 064,TWAAA1700063
3DU6F6k6dFSdoQa2tsia5spMXFCxWh4JJdA3OxSo3rM=,Demo track 065,TWAAA1000064
cQI8Uzy06tt/XJ59vDlifTQTl2qOiTFBkf5yVCUNoyg=,Demo track 066,TWAAA1100065
UQeOwfhcqgEcIwp3cgNiLGW1237Qjpvqzt/asQimVp0=,Demo track 067,TWAAA1200066
izWkEacMHX6lc+hEC3QnWwWd2LXiHZ9tacUNpfUz+aw=,Demo track 068,TWAAA1300067
e/upMhPFcXl3Rxq0Us1abr0FcThlZOeqKJhBobmltBU=,Demo track 069,TWAAA1400068
oTGg75yjTAP0grXmGld3EUD0b/b9u7lW2JyUX/mBiXI=,Demo track 070,TWAAA1500069
7dUiqNIuyM+aDRJEw3+ZSYydeZGAQ1AAI0eOd0Nzh8c=,Demo track 071,TWAAA1600070
jHMqK5wu5C0txl0QCxpkSM1xbIev60ii+dc99LXu8EI=,Demo track 072,TWAAA1700071
podlycp3c6tOEDw7q8iQBVgvFjiMpkWWXTlXljGdbTY=,Demo track 073,TWAAA1000072
/6kgyFt1nsLDNbZh0AHM4Pb3sbp3CZ0C4DbPa4++eVE=,Demo track 074,TWAAA1100073
6LdT9BiGIlQ3rJped7PACqnrzstFXz8dXD6MmmsA8uI=,Demo track 075,TWAAA1200074
tB7WW8fbj7VdrPYInjSGBfslYr2DKNIeeFKQsqqMZvc=,Demo track 076,TWAAA1300075
y/rsZ9DC7FwK5F2PK2D5mj+aOBUJAjuu3dZ14NgE0vM=,Demo track 077,TWAAA1400076
X96NEF2NcG6gyKVF0+U3H98CgAlgecjthmaqQe0nLPE=,Demo track 078,TWAAA1500077
ux6db2W4f9nhapYVkSg81Uzhxnw0vf44cFWHSd2EuJo=,Demo track 079,TWAAA1600078
IXP1a2o3NL8WU4WK1X0WJAKaSW+LgGRpPDn4Gt1HrV8=,Demo track 080,TWAAA1700079
Ce8Mui+yVruumWy9pKMDfSRBFg1m93m/+XR8FHlktaE=,Demo track 081,TWAAA1000080
eBme/h4Z4eP7BZY3tifu5Lr/dRB9NQJVIl36jZ5DZGQ=,Demo track 082,TWAAA1100081
l71bGvOgjZIJQHa+E1GW7L5QWYSliCUKy+Hg3SmxzOE=,Demo track 083,TWAAA1200082
dBblcCblxZ/fqu94pTStU055+hRvF2oiyDEq0qHIfiA=,Demo track 084,TWAAA1300083
zg6SzD3aqsnOqqyhFYTdbCNFrhSACbwefB/ZFi68AO0=,Demo track 085,TWAAA1400084
9tNXaK/yKJfTcoWLRFw6HXplizDxq4bFvzs3scmesCU=,Demo track 086,TWAAA1500085
TVtxD8qAAl8KeA5CU+1c4Pg6+/PR3vK2vYMnY/eSGho=,Demo track 087,TWAAA1600086
80hnDqhSe9u2uIaLvDh1tCbwryzDrsf789zgDDF+k+s=,Demo track 088,TWAAA1700087
66NCw1qHAROy0PiUC1tPNmGYqRvBSfvGUsO+46BooDc=,Demo track 089,TWAAA1000088
JiY2ckGkra5KGchu3Rh6KPH9FL2J0tTmAB3pGyVi4BQ=,Demo track 090,TWAAA1100089
gG8cycpwQak+/chDrTlk8CXXIw4ztVIO1OhbdJBTav8=,Demo track 091,TWAAA1200090
u6/Pb7X4u7KU4gXrBgGqt8RlRrNNFLn03tLAHyxRxwA=,Demo track 092,TWAAA1300091
nW60n6qAGoytY/yX4w0r1IT462C9Xs/ZxbV6MLDSpUk=,Demo track 093,TWAAA1400092
U8VgelI8G461f4FVJHnavdn4zx7XjmSFcNHZ3Hru3TU=,Demo track 094,TWAAA1500093
DRWs2zLgDBAqLqyHsNZVPyiBed+Iutm+qsoWqvo6dkA=,Demo track 095,TWAAA1600094
jFUlstiDM/0JBpQz1N1Mr1uJj0H8kiQsJjfbnx45gHs=,Demo track 096,TWAAA1700095
W+akwEPQhC1OugUaQlo0DR9xVs49UbJDZbiGvgN6ZyY=,Demo track 097,TWAAA1000096
h90KlUZE/mlkkPjhbhz3hXY1zvOhqJXuiKBoFWnTDAo=,Demo track 098,TWAAA1100097
pHaz1pjrzfa+p9u7Ga2ngsEhHUyUgT1Npouo+nP6e8s=,Demo track 099,TWAAA1200098
bTlSHgnwaBMIKHseTFHanJ3Zr4x82ybrGkexpnxDhTY=,Demo track 100,TWAAA1300099
zx4aCmk+b/uPmvESsG8ekvi7qWmifSPNMXg1i8wyG8Q=,Demo track 101,TWAAA1400100
48PnLVsKQXwlRoNr7779QyZxweYBbpX9z3E1YZm2F/A=,Demo track 102,TWAAA1500101
TIwOs7iFTKo3Cy2yiNReYYcZc1JyAx+0k08+z97k1dA=,Demo track 103,TWAAA1600102
euRuXf+FKUosn295WoeqQbQJ4MQ7es1jJAQlmqZFA/I=,Demo track 104,TWAAA1700103
jWx64JroBecZQXiaNU1toeSiTyhqdtsj38JTLS2TEhQ=,Demo track 105,TWAAA1000104
KcQ4assZxaXsdizqxGjUSAY7CNc6+6hQzpVsjnWsShQ=,Demo track 106,TWAAA1100105
+h+uIXLQyXHuCdwAY5oT3T302vt0IdQJtux0APXhriw=,Demo track 107,TWAAA1200106
/RYwZD+IL/0YEgpu71HgW9q6c2A80gr/fC/j0BmYGvo=,Demo track 108,TWAAA1300107
WOvHYkt7XUOtmMOTsgT+2vJKydJEVInZGliuLUXoV7o=,Demo track 109,TWAAA1400108
XA08z3r0wdQvY3CE0lFDTd/MuAgD7b0XKZnCvo+ylKE=,Demo track 110,TWAAA1500109
i7p594HsKb4cYynsE1a80PmSBL9bFI2dmBu16bwdke4=,Demo track 111,TWAAA1600110
41aDNLPNdJ8PZdNo46uAPDJ4yFTKrPYY1jeM4CucBGs=,Demo track 112,TWAAA1700111
zuyzUP11fbgoVp6IMfWK378GDToe59ZlK5gkf+7aKdg=,Demo track 113,TWAAA1000112
MwZaD94L4Wl4APdJSVQF5JPt+xH6hb2KtWpFsjwYUlo=,Demo track 114,TWAAA1100113
Hum12fv82coQWytuQUP8K0cHEdJ9zz10RrGjsGqmDpw=,Demo track 115,TWAAA1200114
0ee/D6HjX0jSytUn3v58C0x6zEzN4bcPq3WlqvrG/Xo=,Demo track 116,TWAAA1300115
ajjUpdQjWCwzCHNd6C0hB3Fz8BIPGjSy6IT35+UWD1I=,Demo track 117,TWAAA1400116
LBFRdBacp7Ob6Ada2N7uCQ47DhiNT2KjUtwOA7oSm7I=,Demo track 118,TWAAA1500117
d9Flpsyq/y8CR3F213pnXUkrfK1fMClvhYH37pFSc7s=,Demo track 119,TWAAA1600118
A0t3F/l/3A5UvyPnNQNkrwJuW4vH7f/ttZZ9ud7eWx8=,Demo track 120,TWAAA1700119
NDtiB0N12yjIn9D9reqXF8NPPCq6vMNhOwd9A/c3qd8=,Demo track 121,TWAAA1000120
w0/+8z/tSrUK3JctMyhYTh2LfNl9OFga+Tw0yl0IVfc=,Demo track 122,TWAAA1100121
0b8M2FLEH176y/ng1rK9ftUYDYnA+1NdoCOUeuyBMtU=,Demo track 123,TWAAA1200122
G0rUz0kguI35yzj95LX2BXI30PqCcJJtPNfirR0BhIs=,Demo track 124,TWAAA1300123
qxDl7URNa8pfCbbdoMNE0cHrU1+hMSIdyqhOGvQo69M=,Demo track 125,TWAAA1400124
jRzcNOC0WGSfwQmr9ZP5mxiPYxAdkGrPFGc0GvS1dOs=,Demo track 126,TWAAA1500125
XUz4Z4wPPChz+OIwkwj7HJ8teIjW3rEMdEATM80rDxM=,Demo track 127,TWAAA1600126
rFLawM8j/vW78o/S3P2GTsmy6HwkTI15P7NF/i9CkX4=,Demo track 128,TWAAA1700127
s84FxzZB6F3J6VOD21RuFLngqi6nMsKA4txNXn+pbK8=,Demo track 129,TWAAA1000128
JTMsJNPcL2ambkp1Z/MeBEnFEzZEOKetdLPrJxHf7v8=,Demo track 130,TWAAA1100129
PQ60bLYQn4lnOqNp2pmsUziCKclqLai5pemA9rWWQko=,Demo track 131,TWAAA1200130
i356q8t0P9emMJq8PsFkY6CGoi34mP3cgXuDpfEDyhY=,Demo track 132,TWAAA1300131
+cP03fE+hnJUB/v2PHLsD9UHBjmDIYvbuX+NrFqeudI=,Demo track 133,TWAAA1400132
ra6TLz6Y37OSFOqg4aCvjV7nalatCwZdQvoJRMwSNvk=,Demo track 134,TWAAA1500133
uWREia5CNSoapbU9+BpqQxlSfntw1J/01HQGpVxFiM4=,Demo track 135,TWAAA1600134
EELIvnP5lcFg+W/XGvKrKj06DhzWRoowEHGGvBGlDkk=,Demo track 136,TWAAA1700135
x0AQuGp6SHvaD/fLkk+6JzAp6zOUgd30Tx4oL3YBz5Y=,Demo track 137,TWAAA1000136
r5BnHxvuPlLjwr4MHf3dF3yUY+NVS6rHrkVG7wVZ1uE=,Demo track 138,TWAAA1100137
TbrfWJpl81E4alsi2+b84oeUu+b5S/8n9yFlZDriNYs=,Demo track 139,TWAAA1200138
n+FLlTL+LrNTa6xpoGkESEzlUMb/hPEM1nLq2U6fEp0=,Demo track 140,TWAAA1300139
h45pWoMzCvsq3e3rBIuHggNB/3NG06/SIVDPEPOF1Gc=,Demo track 141,TWAAA1400140
c2bp6xlq7o3Pj6x95ddX67S/wGsP6qPN/8PqM1DL0a8=,Demo track 142,TWAAA1500141
rqNd52MxQ+okfR61j2c7u36DLODO4d2Zt/hMm3jxncM=,Demo track 143,TWAAA1600142
gu/lHDjq6qqpU7r3CQkvRpGF9kqc2Mrn9CZhb7jrFvY=,Demo track 144,TWAAA1700143
xK0clTH8TvjG6sKmJXZuMLzhikhlEsolLtx2AHBpmbQ=,Demo track 145,TWAAA1000144
ze0+7p13wqB1hZ/KWd6OT42LBehKmYVQyGGzEv8Q4fA=,Demo track 146,TWAAA1100145
f0Yvo22LVUbRIlICXcEEym7IYNVjUqghZryP6Vf103A=,Demo track 147,TWAAA1200146
9YYrODwrXpDcCjOJypHROv3f5z40y11QlmgQjmzp2vQ=,Demo track 148,TWAAA1300147
JRa3KgSwWDyY17usXoi6jN8O6v6t6Tq4xcwjbUkbQFQ=,Demo track 149,TWAAA1400148
shYcSF/8MpYMxMzLfRznBZjwoQIvd+RUH06UamCj8ks=,Demo track 150,TWAAA1500149
dKfxhaRKwvhiYOUQ5JlkxQrJ/dDksdFueybCIdG5dXI=,Demo track 151,TWAAA1600150
WrVBxKvotVYzAKxCxNAGssQ1oCgO0gAJ4sNCfhfdfOY=,Demo track 152,TWAAA1700151
VEHQ9uyNfwMBFPtkLOFGSOnovTSfj6RlQbgYZYp1xZQ=,Demo track 153,TWAAA1000152
un97bVjGL490RQbl8kr/58qbzkeuFBGMnXFRst9RArs=,Demo track 154,TWAAA1100153
f8/yxXLT8/hENDkcudzHhytnOwyUKJ+/JCY7Y+L/Gsw=,Demo track 155,TWAAA1200154
nnGh305rOmte1K/4D+qsL1LyY6P+jvDlzATIqwbCa/0=,Demo track 156,TWAAA1300155
Bh52i4Qxauj9DCtTLH9CeKZgB59FIP2NofIbc6Dh0Xw=,Demo track 157,TWAAA1400156
QjRlzbxmVxusW6CP2Xr8GjX3BnPitUMFBxCWxd/5AKY=,Demo track 158,TWAAA1500157
9zVQUtq/Uzlxk3X7BwI28CSY7FomzpmtsRc8f2bRyJE=,Demo track 159,TWAAA1600158
AyU+NHMfkl3i4KQlaVcu2Y5w4JS+yMgNapvCrDuQtmY=,Demo track 160,TWAAA1700159
fUGs+CNuo9R1M6NQbuyGVFMJmTf0TSFHjYDrBglyuVI=,Demo track 161,TWAAA1000160
Wi0kjTBakpXIWBbaT++vmtjDSEo06lhfiVO4KMSF5jc=,Demo track 162,TWAAA1100161
dNvkA285an/yeIMPT4VszEQlmwHsZHHSgDbDB5nEkmI=,Demo track 163,TWAAA1200162
NO3PiEzofJglKjD8+biTGWkEVRDfE799y8c9wQS1XWo=,Demo track 164,TWAAA1300163
W4gOC3iBXV97C05qyVDGIKAJg76BJcrzWPnLwkKK6kQ=,Demo track 165,TWAAA1400164
NhQfOVnptpW5z5qsP/sN+hVS8TM2iYvdy/ZGVe7K+kM=,Demo track 166,TWAAA1500165
skehue/d/R59G71dXYpntDwdjRRPlweN3JE8g40TgZU=,Demo track 167,TWAAA1600166
cLpXPLkgvZlNs+wbtHh2zFjvGMH61BU5fj79s+G2/PE=,Demo track 168,TWAAA1700167
etnpvFVFCKje9Br8nB2pWWlaMRVwN6euSQc9+7ZnXR4=,Demo track 169,TWAAA1000168
eqxzfyc6kVOcYTDo7GCguRsfLEplxdlJ+umjJsB8gdY=,Demo track 170,TWAAA1100169
J9EcIEDOoNbdN2ku4SGtIp0pmg/k+NRWLOZIra16DUk=,Demo track 171,TWAAA1200170
KQkL3RbSia9p7I5H9wrdEFmQZSJEZc64kpnzDUUEe84=,Demo track 172,TWAAA1300171
iiifj//EcKnociT6W3nBASJygGe/TyFB41UD1bTtnU0=,Demo track 173,TWAAA1400172
RiJp0d9j7dfyZ/pyUPtWLXiVp77iitN5lUQTR6qjEOg=,Demo track 174,TWAAA1500173
GIDL+PW6bG3ZeBgOby6JNIQn82kPQ+MZjIybnyI3D6M=,Demo track 175,TWAAA1600174
5TKFWT9ivwAJiqRWz5apDsePXcJZ2b1RA/1gxTm6XoQ=,Demo track 176,TWAAA1700175
Rerp71vL127G1162T5Bwgk3D6r/ZtiXDfWvYz+3ljhE=,Demo track 177,TWAAA1000176
uzU6ntNZT60j0CqFNXTpF6Oo8W3w5UwU/ANEODidW04=,Demo track 178,TWAAA1100177
VkILU0H1h3NMmk9MQrXouNudGk5n8Ls5cqRRuBxeTh4=,Demo track 179,TWAAA1200178
oAfWzsEYsibZUgmlL8NNYoO0aB4gSyU2tfsQvQp+7f4=,Demo track 180,TWAAA1300179
WRuHbl8CJbAuzUb4f/88Ly6IXif+IVVWolkp33Nm8wI=,Demo track 181,TWAAA1400180
1UHqpOyecqH+8NytyogNdQz/2zUDpmHzUF5lgH1gvyw=,Demo track 182,TWAAA1500181
H9SPhwq9W0h/3XECeWOjmDRiVN7V5bxTLFlOqWDcqrI=,Demo track 183,TWAAA1600182
Hl6EBpUuCKh8k8Mzao5hml03O4q0syx+7atSC3vEvok=,Demo track 184,TWAAA1700183
+CvzJ0dbjOAypszTDhMrSjJJQYNbEiDrSod3wwcOA1k=,Demo track 185,TWAAA1000184
DhuNF1B0GK4zzZ7U+v/vt/Y+3aQbTRmV2bd99TUAXzI=,Demo track 186,TWAAA1100185
limwLMOy3/jAQ5dOa3x7k/eJmA1ARXel99C337h+E34=,Demo track 187,TWAAA1200186
CXdtx7/QxePhjYwYFcXVv+lXjCDEGRJ9r/OC7IQXthw=,Demo track 188,TWAAA1300187
UZ3dBhXYs3u2VWiwH9VQYBWnp1hi25EmxuK8JISoSZU=,Demo track 189,TWAAA1400188
M0vkEMBlcbeVSWQQx/6FtXbJ57IiCw27TW8/vmSayk8=,Demo track 190,TWAAA1500189
4MisMKfKs26kWvzPwqJMnqqoeNfOlsfiiFswvWIQOUI=,Demo track 191,TWAAA1600190
g9qhCRIaFUnq4Z9HJcFQWHWRstWhK4NoB2sRPoD9iuc=,Demo track 192,TWAAA1700191
zQ42nV6yi4mJlCn/6KEjm+SP6pEwUsd3P9fpI8tDiWE=,Demo track 193,TWAAA1000192
pkKADcjPLFdP9kX40L8dlmbLWkgUTqUB0LhurVLSTME=,Demo track 194,TWAAA1100193
SEXmGAIKrBLJvU2yqL7G0KUkKq81WgLwrzy/GHyPjYE=,Demo track 195,TWAAA1200194
kFx6IW7O34CiWxdfV61/cIjZs57ZasQBPjJQSJk2pk0=,Demo track 196,TWAAA1300195
yPA+sQt5tJ3NgR6/L9BefmNpA2152zQQ+/Kvtt3iSUs=,Demo track 197,TWAAA1400196
h6SYWHqaMPtbHyqeNQGtCRfq7GAH4+9hrauUwd5z2VA=,Demo track 198,TWAAA1500197
JiHWUXkERiCPai7GKXVal+Cns8SWC8Ft0+5NKSQdbfU=,Demo track 199,TWAAA1600198
GAWjH9Uns87Q1pcQTJZo+PaiJIsUj3DEWjtGqyMUZm4=,Demo track 200,TWAAA1700199
G21dv1ZiXpa7iO6UrKktIgqRdrvx7nLjRbRHGmtzGvQ=,Demo track 201,TWAAA1000200
4brTUuIjK24sVlWzSLLL33b3JbwhNVfaDo7vvBt9FCQ=,Demo track 202,TWAAA1100201
kge3dyGXCTqgUbHpFPB0x8gy+cPAamtArhr4sghdRH0=,Demo track 203,TWAAA1200202
VqOqrfMxAOMwJpyfUSyWuPmHpMtSuzvrCvHgahApvDU=,Demo track 204,TWAAA1300203
Ru7n8Xw2s8LGDsgDhyzWqCWQRWQW9KNPY9qMOFAf5x0=,Demo track 205,TWAAA1400204
IiO/4aXuzEtXpyd1A7LV2TlAdIS5Rzl3hwdtbKuNBQ4=,Demo track 206,TWAAA1500205
DH9SXL888u6VtOCkF/nqFbmtHlEkYgh9atVYPHfSfo4=,Demo track 207,TWAAA1600206
wJdog4OHtULqly94aQ/X2uud6ya+juDh25ay4sqoxuI=,Demo track 208,TWAAA1700207
vLvRGCAj8JzTLygSB20eqIL6hSTzE7gf4hyYAguZp0k=,Demo track 209,TWAAA1000208
7Xxzo9Z584Z1AhkaLLWEcpzcEuxcquGE52Ztc4879YI=,Demo track 210,TWAAA1100209
cVHsClcaUfj3ZPoqihH1Rd6ZSaDpa6UbdMDcyx8FfVU=,Demo track 211,TWAAA1200210
JP0GJixHOHSNDsjKiQY2ttQKbDmWSk35JMMfPtR06BM=,Demo track 212,TWAAA1300211
8Kn45Wt6j2eOQSYFai72rdxvmy6rXFGXCcbi92hzOAY=,Demo track 213,TWAAA1400212
R1769yIwSejBpG/qGgxdD3BiYXI2fJgMg1jjlKCPhIo=,Demo track 214,TWAAA1500213
++QfzyM/LiFaCuvkDFK/wJe13ZEMgTgAaVCcolo7nnY=,Demo track 215,TWAAA1600214
ih58jIWgit7qPy3VpvbM6E7AIvs57ylCHMVpIl1T+Io=,Demo track 216,TWAAA1700215
HzCFc9gU/AuYNF1ld1ZlyeCpQvVLTonc8+ZrUAidmmY=,Demo track 217,TWAAA1000216
Ujt3R5hAe0Pix2mURuC+CO6aazhCvEU2lByPzy3E90k=,Demo track 218,TWAAA1100217
TLU46LbiJ+1mmJr4Le4Z5eaUQq3TiXgdZpE5EtR4WZI=,Demo track 219,TWAAA1200218
2Y7NstzrTnCFlRel5m80hPDe9471QRU9oyqPIx1xIP0=,Demo track 220,TWAAA1300219
DT35ri8FZuj7PGLxW/PhK5lt+CFVV85jDqPrBz6kixc=,Demo track 221,TWAAA1400220
oDG5WCyUlb9i/Sr34Fljeh0YsONZKxl+7jjUw27vm5U=,Demo track 222,TWAAA1500221
XlkjAJe0dfNZGVXs98X/tteFpStvXboU0MegqWJt36U=,Demo track 223,TWAAA1600222
9Xxvd9J4SpEakcmoYTvt+ekTW15btrc+DKumBSTJZU0=,Demo track 224,TWAAA1700223
nW7czLK5LBcCT/uAo+03SyWAbaEEaSnXI5uxhC7QiBM=,Demo track 225,TWAAA1000224
6uCt0I6XmmXX7fta96XlZyxtSWXlTa2ZviRbxnDUa/w=,Demo track 226,TWAAA1100225
27vpOctGRDxfm4nJsYUfvNaoL8ayuXiYAYUH4H1mfJk=,Demo track 227,TWAAA1200226
eKCra1VJtznUJW/pya0TCpqHRxHxdQ51S3fspJmR2gs=,Demo track 228,TWAAA1300227
2uFTn3kDES2C3JeqzV4cpSAGQ756GFK0XajzEDLqER4=,Demo track 229,TWAAA1400228
CsgH03aRehnhVifHOPXwF4mfA2yHdqK/IWpwXMm73CU=,Demo track 230,TWAAA1500229
TYhx9eqWklddkLQlApQ5MS9jJCO4H3JHdpISZ3kZSRE=,Demo track 231,TWAAA1600230
3Yz717mUtR+r4L0zzgDgWnYeFtY9g68ZjKlq1U72KNw=,Demo track 232,TWAAA1700231
OE6pqPyTUHX2LrFokqXrAVv6VkRGadC8XQ8CZZpaa3g=,Demo track 233,TWAAA1000232
fLcg1JwIF80DBi1D5gheP1WuO4IXt4HFSd19TZ6y61M=,Demo track 234,TWAAA1100233
jceXeAoNeYd3hRvbWRdqCUinjutJgWRyvPezTymyvTc=,Demo track 235,TWAAA1200234
B2jGIdcFp/C/jeFaJdOwrw72q0kEetFFo+fReLkd6o0=,Demo track 236,TWAAA1300235
kTfvijj0YOM4LkNBb+6RCPKakz/8NEw5y2PMdmc9bc8=,Demo track 237,TWAAA1400236
+yj1hcpU3QLGXS2iW9srqWCBV5NE73L9hHR3kbV2NQg=,Demo track 238,TWAAA1500237
yL8VeuH6lYFA4hYVGX/1HmPogBfp1Ex4ZkL5PjWy11k=,Demo track 239,TWAAA1600238
wR+LLM957WfBdaXmUsdE9AiGzOVki7yjelGea+0Ze8E=,Demo track 240,TWAAA1700239
CTwL9Gnx6QsaZ6+ygo/VHirN/XZKxlUJEB2VGQX8yjg=,Demo track 241,TWAAA1000240
DKGm2awf1TsLWeXqpDfVVQf5M2qPmcxI9Dwxz+45Qqs=,Demo track 242,TWAAA1100241
IIPVkO6EB8ymcuxkuxkum1N5gowLdTzy9sYF9luyhVk=,Demo track 243,TWAAA1200242
GQqErVwbH/YaifR6wl2S6prosRVHhwGO2/Aq5aIJLA8=,Demo track 244,TWAAA1300243
w4Zku7HxtkAKl/BB8H81ZfWOXwnnmVbZBvFZeRPuRUU=,Demo track 245,TWAAA1400244
Gew5+s/HwCSjQ6bX7/dZ0pXS6TB4ccOrOYcQg7FWDZI=,Demo track 246,TWAAA1500245
6HofPS0v2MVFsL10yCN7dXUL+gUOnvsD35vx3HmRbdE=,Demo track 247,TWAAA1600246
d5ayexvXscdzmuGxENyY8Uwb4AQaxt0dEcnkAgES7xw=,Demo track 248,TWAAA1700247
ayL6eLHKSrmX4smFi1KbGMYrWI9EwsiErGjWUJ9CTrQ=,Demo track 249,TWAAA1000248
p6vR55B6kN6DL6mkWo3Ndkzd1KEbmr38ndt04bYuzXo=,Demo track 250,TWAAA1100249
yCNGVHLlA+gdUm0RfeIm1xAYXFugchHvED5JVerYSWM=,Demo track 251,TWAAA1200250
YmAISVdWO5T+OgcuVLr6qQ7OsqPzAbBO7BrEwfcxMSw=,Demo track 252,TWAAA1300251
gZphe9aRvr0vVO/oEt23amqyDc+YabbIJ9WIzZTVjG0=,Demo track 253,TWAAA1400252
o0kFgae9QtnYgRkVPqLJwa05zIhRlUjfF7O1tDw0ZDU=,Demo track 254,TWAAA1500253
nwSpTQoTbubQRzCAjsWTemzjG0B36aa5Dqpi2py8jsU=,Demo track 255,TWAAA1600254
5Qh7YI03x2cbQFFv/e+faYhVpFAzjvnuE3YXkx2KgsQ=,Demo track 256,TWAAA1700255
WTTcFYZNyqe1dL6Rm+jQMLx/tospfRR+PhD1OFix1mQ=,Demo track 257,TWAAA1000256
Hg9Bv1grz9a7lTp6HxpK//dV5AOqft4uk1fjIfPMJFE=,Demo track 258,TWAAA1100257
HRg8zzy3PcS4sBcZIFOcUL4uCqg7SurUslUQyF2op+o=,Demo track 259,TWAAA1200258
338YQI2OhQDjVCbuAJ2t0PQtzDG8KRSFdB69kiwt3CM=,Demo track 260,TWAAA1300259
kHpEHXKwwG+dwmOR2NnvrXwsE24vqD7n40tcNQE/niQ=,Demo track 261,TWAAA1400260
YJKHI4Asj1oM5vJftbISis2QYliVSExtWiWnwb7TOgo=,Demo track 262,TWAAA1500261
eaEPf0VwQhIvfAm8xzQucpa0/OnWo18Ig1cfMIUsZ3M=,Demo track 263,TWAAA1600262
opfHqJ0Oz4KsSqM5/TqBERkLI9DFnMD0Jywzh7XSE6Y=,Demo track 264,TWAAA1700263
WWgB6GYGuyplhfw51plAbvpnixjsFA3XKSyEuTN42Tk=,Demo track 265,TWAAA1000264
lUp9A0i6jbaMvGNlR0eaMwxd0Vlv5LZM6NHgDDBCqqI=,Demo track 266,TWAAA1100265
msy6vSQ15p6RVJfm/bSgcDwd3YSLp445Pdhzw6CEZRM=,Demo track 267,TWAAA1200266
N21RxItkM+DqGIdEWiPa5urFl3xvDUNVdhr2bFZvMeA=,Demo track 268,TWAAA1300267
LBnwicJLcepb/l8c68qpMRJIaUcm1UvgtKEfQwITrpI=,Demo track 269,TWAAA1400268
hme5eV1flIR0iLiRc0XRKQHssHaz7palP92OutFelak=,Demo track 270,TWAAA1500269
hDaCYJApKdeZGK7HPAWppz+FfmRwNh9g1wBc/EkBfYE=,Demo track 271,TWAAA1600270
cR+VrCdZkNm/QM0WjQQip9AnOrT/auRDZboM1KpevS4=,Demo track 272,TWAAA1700271
Z+mhovcYbExPp66GnBecKttDRM5S5YCAw9vzJACsQAU=,Demo track 273,TWAAA1000272
S9Ceoq7vRyE9wVvIyi8dWYZ+9bN3W/hP8i6nFTM8y70=,Demo track 274,TWAAA1100273
Wn5ltxI7NsFk4xGFHOFXv2ajWU9HmuEgDF+xs1EJpFo=,Demo track 275,TWAAA1200274
UXK+xHZe1REiVRlOMS5gvqeUY+kLbVyiEdJRTLYoZkk=,Demo track 276,TWAAA1300275
yciKx3VagNk6RuCqe0KbTbwl+cWXKVYWAeI8UFe9Dfw=,Demo track 277,TWAAA1400276
BwDDym6Tp7EnGudWBGJyjONZeX0/4ndu5PETiPWzav8=,Demo track 278,TWAAA1500277
UksdvC4qcXmgOvmMSOPWh9sB2z7a+dT1CWlI58lq04U=,Demo track 279,TWAAA1600278
Bmj+IwjGGnbUyQ02jJpz5K+2vmxCOKfBqVd7ypu6OLo=,Demo track 280,TWAAA1700279
Q+minHX51E+PXPs1VxkIlW+XhmV9ANm2rchEcZ8Wt9k=,Demo track 281,TWAAA1000280
F48LS/DqAt1EnPHRezspUgYaZcmiOoyOD75UFpHenEE=,Demo track 282,TWAAA1100281
AJQOsWR+d8TYfx8K3IngAs9/GSQE5ujDqBx/8PYm6zo=,Demo track 283,TWAAA1200282
9W/H8tPBKQ7VWmBctuQ6RabciYdr1l+/kg1YPDcPOlU=,Demo track 284,TWAAA1300283
Kpyp6PVaOaQz81TH4KYB59FJiO/GVgzDVyCmiyxHTxc=,Demo track 285,TWAAA1400284
0PSoBhrpfwF09qQKvTiItwZNPjOuyL0uoTazKevG8ls=,Demo track 286,TWAAA1500285
A5cw2rib82lWjtNFr3bxQysyjPVpiYlgmnULDQ8X0BQ=,Demo track 287,TWAAA1600286
Y87wssIvAzfpJA1z7WGawlIQl7mNFDWzmKS/FlLtLA8=,Demo track 288,TWAAA1700287
itxXLRAtaLyj+idcWIsuKB0AEzijUgPrMhAvAKUSE2k=,Demo track 289,TWAAA1000288
wfSboJwFBF6YyVmGO0wCeRtMdrqwkOgwPHV+YmSUl5Y=,Demo track 290,TWAAA1100289
a4TbK5V15pj3YZUOGa9h2U3t0OsE+3aiFw41mNlcgcw=,Demo track 291,TWAAA1200290
22wN6a2Q/qVQosA8OBfVg6AbwvI2KJnZ35DXLqpLHJg=,Demo track 292,TWAAA1300291
ZcKgNis1AP1LA0sdtIddrtk7P04iiJzJrXvwXdT/X3Q=,Demo track 293,TWAAA1400292
95c7DAPEYsXPp72TZ4teA4ErdV1TNjajZcdk/if6AVM=,Demo track 294,TWAAA1500293
FcbwzPm3n/PP+UZAjJaKFggjPSjyZ7YyxBA7LlheYi4=,Demo track 295,TWAAA1600294
YKXNGyMdm+M370+YcJdqTDhPN1gJgBj+F5rmrdnPZT4=,Demo track 296,TWAAA1700295
x6u5YRNWfWRwBSupKIjHonX/pAAr4HtXW4ZUIh7/iPo=,Demo track 297,TWAAA1000296
aliCzBpL9zzI8nFr83ElP3cL4bdEPejIRtT7HY09fEs=,Demo track 298,TWAAA1100297
7vGvrf5l1XzNbeLZXzQgaNvc2VBmncarpN3LQpLUZiY=,Demo track 299,TWAAA1200298
+WZeyJdxSPcag6xHLPjJOfJoc1haKiC4j0BcbZHG5ig=,Demo track 300,TWAAA1300299
Z2Y3t/lsoBgA/2HAfy3UP+QWfdckt9BK2u6n8xwqkng=,Demo track 301,TWAAA1400300
Knq4ruFJI2OJlOtotwq3fuWueMlXcUeS3oxVEYlKoC4=,Demo track 302,TWAAA1500301
dKsoBHe5cVhyQSU8CimXs4ysaAky4RNgBwIafHaLkik=,Demo track 303,TWAAA1600302
KxxFN09YQwSN0eAJSUf2xa5ZKjyZmX3nIVKM+zKxq6Q=,Demo track 304,TWAAA1700303
pCf4HI+z4rQsY9FF79m+Sojnl207qtHqtOWU2VFW1ZE=,Demo track 305,TWAAA1000304
xeyouM+hIjUtImV20of0p7SrDY4UnejP5Q/BnCHYG00=,Demo track 306,TWAAA1100305
A+RNE+nwHzzYdQliLcF1YcaMpmDL91TAbz8xALp4FEM=,Demo track 307,TWAAA1200306
zcieWa7/2VeVp0m0fa95RI3i6FIfNTMzVvYXm3X64Y8=,Demo track 308,TWAAA1300307
HTu0yj2OGmSKPV6I6ktmb6DnmnZY8ZSFrrzNFR/MOfQ=,Demo track 309,TWAAA1400308
Sb2AlcokNNB8/NfoJjK+C/N5lmET1mY6HAd781MxQy0=,Demo track 310,TWAAA1500309
7XjSvrL47/EJD2mNR0e2Ja+ed/Dm0j35tKPQLiO2Hjk=,Demo track 311,TWAAA1600310
Tp37bk/x3F8bFpANiXXKtuLaaNtHDeQwsNUxYHNE4VY=,Demo track 312,TWAAA1700311
u67UjhgKuy5EciXXCkJvpAYxT+l8agXUqFuD5Hs3STc=,Demo track 313,TWAAA1000312
qHD46j2HpNipwKHtoE0035AIr+FAdNYaSi1VNT3gACk=,Demo track 314,TWAAA1100313
8OsXpp32oqorzAN4NNkVouaV0I81ddPLZ8DxMRAGJdQ=,Demo track 315,TWAAA1200314
4eWKqiadX4L+cYSy1VEcazqQDV1YxvYo1YHU5VR81pM=,Demo track 316,TWAAA1300315
GRaVokpHF2Uk3hgKnyJ2mDSmHvie4lyE0i6l5rA2yWU=,Demo track 317,TWAAA1400316
/SfOXDLarv4WeXEX6g9GfKgd1R+BnBG2+k/vanWU5FA=,Demo track 318,TWAAA1500317
/vRMwxfCQC55cFGMLtxZlAqhDFW/aPQMGdkRnykeWyc=,Demo track 319,TWAAA1600318
ufjl9/oJJRQx/0JUEBaIeyE82HP0CF7Fy2LwOIiNiYY=,Demo track 320,TWAAA1700319
CivTL87a654wHFVt1BEZu+cryDKO8mYRsrxpEW8oVm8=,Demo track 321,TWAAA1000320
D1tFsBLd9VWbonfb6Vek0BI2EJB6udLOuV/x+ptYpOI=,Demo track 322,TWAAA1100321
cwzdOoAlwP2AgUSgePv+UwafMqm7v7gJeFARD3rw7gA=,Demo track 323,TWAAA1200322
p0vznXPDpqFXtJzcvx4f9NxqLDC+1PQ9/Prr8kUdSuc=,Demo track 324,TWAAA1300323
6QMvPiMG6bKF5+C4fSsfeR/LGNMiwL55HNhd3BcvSKE=,Demo track 325,TWAAA1400324
WJyW1Eqg3hXHl2+JB/qMSAQ/3VxqSNVvPniD/ReCo2I=,Demo track 326,TWAAA1500325
bFbleyVHx6Nr9tHMr4OybO2i3A4FS2Be0/62K2+FSpY=,Demo track 327,TWAAA1600326
7NV5ZpaFlc7e3fjuxNiiuL0+HEr8qASFr+HHztIhwGY=,Demo track 328,TWAAA1700327
O+azAuxxhTE27OXm23raLUOTey/RS3+sceZDO2iFXys=,Demo track 329,TWAAA1000328
5myS1WHBGGzoGGXLLGo/tIuHzWsyp0Ez0NoLWKdkA9Y=,Demo track 330,TWAAA1100329
XgLDH2I0dmKXQNQTMsNyGSy5oz+o6o6jPTqj0I8abFY=,Demo track 331,TWAAA1200330
HbqkjwnnIt6BtfmvVyXTdPHAsFCYxU74sv8+s1lfIwE=,Demo track 332,TWAAA1300331
yBHK9ZzaYyeNaPr1ucAkD3RH7dKwaEY8dtplxwkxr44=,Demo track 333,TWAAA1400332
GKgBgCnz9R8OWDdGeYgQS0TPHe8no8VWvxj4+4PSjao=,Demo track 334,TWAAA1500333
rcPNzl8xjj74tjZDop961+ugDVJKx4mdgh7L1xJ85FI=,Demo track 335,TWAAA1600334
YBrWf/Hac5La5V2HZ80Mi70NzUcTehVDWhkIp8h4Klg=,Demo track 336,TWAAA1700335
CfOyUSvBAIGhsUEcZ6hTnWLLaQrDtzVmoIdmIMXBOTA=,Demo track 337,TWAAA1000336
RxCEvZAXgnh1ZDlQBuVb/J9xpnopFSJBaBxLqGZIXSs=,Demo track 338,TWAAA1100337
B+lDDFfdRD9WVY2vdfJX3DXLlKohkLJC+mxE+Hfnh/o=,Demo track 339,TWAAA1200338
JVwoBKjxxE9L/IpNKsSCJJIYHcxvwxOKbFnM3TLwcTQ=,Demo track 340,TWAAA1300339
7sD/47OK7UjsdmBjtLCUTIdX9Df8TjpHyOOeA0Koxy8=,Demo track 341,TWAAA1400340
01dMXfqYr3EWV8V4ccmHMNy45+7YG8TBmGJ4IVWOduc=,Demo track 342,TWAAA1500341
1GI0GC3w9c0tDD2s0qP15DxrLUs9JX9XW6fKbY0rBZ8=,Demo track 343,TWAAA1600342
7zFV1bMlN//PbeZut5RL6SnRlZ7/9nBKIXf/dzhK9kM=,Demo track 344,TWAAA1700343
BxDBwZ9N4vb18iY72TA2T1VROqz00TpBvOVeefkm9KM=,Demo track 345,TWAAA1000344
LnbFBEyneTI7mID7Pw+s14Kf3o73LucRxwS3Wpfjsf4=,Demo track 346,TWAAA1100345
R0OblQ0po9uQ3LqOiECHcoyAupHbLkslFkvX52Ukhek=,Demo track 347,TWAAA1200346
jZVQRajq2WbbIoSiF5MSCyJKgTt7tpITHayD3PYKg88=,Demo track 348,TWAAA1300347
2yDSviY+pVsksCfkmh9SyW1ulVkGtYFRpITn6jjCcCA=,Demo track 349,TWAAA1400348
fDBtAj8rHHCQGeSsDEeT0WA3gSp6p7g3z71981gFuQA=,Demo track 350,TWAAA1500349
edlow+cUeR+1RqGQ87VV7D3gqMw0amQYGEZZDm+sm7Q=,Demo track 351,TWAAA1600350
Zks8Is+xdBwLuMg0lYynAU4FanLNf/tyuZ8d7IEvY9c=,Demo track 352,TWAAA1700351
JgOfPnluwAsKhpdLQgbfoSHpaZ74zcWYPqhhvhmFAtY=,Demo track 353,TWAAA1000352
yLoN4bFNhNb3LXZ4EdnptePHtj3Ztmrw/p13qGn3GTw=,Demo track 354,TWAAA1100353
9tMmo3BI0ElPvI5O0DoVc4u12TzxgEdtwTadElAbc1U=,Demo track 355,TWAAA1200354
IhNTvk4edMSv0PCLIS6Ry23aEYtKEA/KwbJNi1OV84A=,Demo track 356,TWAAA1300355
HsgJXv1C7iVZiP7CWwWTfsmMhia6Huc0MUccfj+D02o=,Demo track 357,TWAAA1400356
uaU3VI7KA2xoQkGkSC4NNOMFmHL9R85kdR7eyY5Pc9M=,Demo track 358,TWAAA1500357
uWfF+7Tl/V+phd01+33EDRjMiRZz4adW0bI/Mh194L8=,Demo track 359,TWAAA1600358
Y2CFnBr/mdTuaxOu3vKcbuUBE0UmhAIx+Pkgazp+j4c=,Demo track 360,TWAAA1700359
J3iRhTSYqG12XgzsbOSJYdIFWZ39JaYoP3XSWM/pcHM=,Demo track 361,TWAAA1000360
eSerI0GiRKmKVwhbY05QQi6DSRrCz4/vhiyvipqURDk=,Demo track 362,TWAAA1100361
9YRkIrpN2f9PtHpeYsE03vYy9X7RpIR9XmGtxuyO5iY=,Demo track 363,TWAAA1200362
fvFw8C8/hBGjtRs+4+bPpo6Ytw9YG0pLOwWJf3YAVhY=,Demo track 364,TWAAA1300363
b7yydI1iGdF/kFybrbVHHDXeI/9stzEWK1i77MLj4rU=,Demo track 365,TWAAA1400364
vkagi2Lrvjx/FxLWE6FHZFoDoOaSWI052fEQCwouDUs=,Demo track 366,TWAAA1500365
B4o9XjQJPJGGJr63sxzS4LUoQOrNhyVU1DersrYXRlI=,Demo track 367,TWAAA1600366
3W6VBSN09a/Vh9w1Fwmdus4H4xxmde/yu0RBgMcTtZM=,Demo track 368,TWAAA1700367
WDhQhhbq+bwhBY642Fx3e5eGBdvqzzXmwiouCaVI0R0=,Demo track 369,TWAAA1000368
YpeEDiJw4nf+dGvwJJqGWlFsbJp2cRxhmB3vioPeU0E=,Demo track 370,TWAAA1100369
wH3O5bbWPKwaed4dTZHBx//gQ5BzAjdnyaHM8hozEiY=,Demo track 371,TWAAA1200370
VdVi5NKMJeRDsz4+3xvrpu66FNVTcQ4G26TXoUxW8bU=,Demo track 372,TWAAA1300371
eW1d3l1sSncU4sGM69MJtIG79wnXbdy8FZKpFVElS0g=,Demo track 373,TWAAA1400372
plcKSDtGLCbnZbKxbsASN8Lz+EtSEkRW5WJ8eA8UA8g=,Demo track 374,TWAAA1500373
yn6Kt6+romPpZ1i6+hqI3WJ42G5SdsX3a+l59IaMcp4=,Demo track 375,TWAAA1600374
d2k4F/IYpmudgfCxsRAXVHBdYHPfcWmhCYmjdXxigLE=,Demo track 376,TWAAA1700375
4ZISq5iNKgBGGW2OvKBBzBsYXRohcJYFkqx3uVFCAuA=,Demo track 377,TWAAA1000376
FaTUlIiCh/6sEOasPm1vgIk9XqavgSGgRGYuOkzTF0o=,Demo track 378,TWAAA1100377
NCF0FSjNTEchB0wNZ9IL5UfzApFMK71jBhQWuSIacmY=,Demo track 379,TWAAA1200378
qiF4WAvKyVZZIBi4oSntG2GrHa1+p3oMaiZBXUpeDT8=,Demo track 380,TWAAA1300379
9uDuRF+ToaleR51vHf8IEw4NEKDJXRo/rVRV2011aSM=,Demo track 381,TWAAA1400380
bG9ptdK+Pb7m4ozflF/RjUqbG/uo5ipgAo1ffT8mnfU=,Demo track 382,TWAAA1500381
VRv9apZlj7gcyYq1zz2eZsYOnpnoNg+e4GG0b0b0Glo=,Demo track 383,TWAAA1600382
31Tp9mUO5cVc8fEd67bI5GTrfev3MiXPUokaum1m3K8=,Demo track 384,TWAAA1700383
3OvsjjGFnEouJggaSOMVUVgzrgoTRtKd97GVQlQXUWQ=,Demo track 385,TWAAA1000384
kE+FVLsG03zTzYoGVDqTmVkoSKC9DjJwQr2puF6MkOI=,Demo track 386,TWAAA1100385
PWxngjBL3gt2KhdKy8MwEYTgAw/lkL9F/lqqjciktFk=,Demo track 387,TWAAA1200386
WLWYK2ULyKhj/FAWvhEOVQuDlZmsmTkKscwahrXsoBM=,Demo track 388,TWAAA1300387
wxghAK3cq1rb0Kkyx6dSxzKGYadE8TQWF9L6dq9B1Is=,Demo track 389,TWAAA1400388
A8VVQOKrMDk0G8oU6z8qJ5Ggs5DneqlCpdoiKqKYIfY=,Demo track 390,TWAAA1500389
LFxbY1lvAdJXl0Pa/SRc0GrBc6js3NobwKR2qsm1T/o=,Demo track 391,TWAAA1600390
jpq9yBIzCyyWbLcrGFWHYyXpFZ8N4b9FgKC4qFj04gk=,Demo track 392,TWAAA1700391
gffrcQ9mFCfCwM4Gx7ArXpR8J749p3tfh/tM0chIODo=,Demo track 393,TWAAA1000392
8ZT1ADO1qNipe/T41z8XASvyZRgdBUL5oung7zV5am4=,Demo track 394,TWAAA1100393
gG3/58uZyyOwaPT+eGWL81mwCzcDPW2EmwYcjWmvJSs=,Demo track 395,TWAAA1200394
z8xAhD/t0v/wUKZ8Rz0Pwojr5psdmUQn3/eu0Yw11zQ=,Demo track 396,TWAAA1300395
SKRQpz3EM5UIxT2LCGzK5k0aYg4QtyHWtr0L/EK6By8=,Demo track 397,TWAAA1400396
2xoPPf/RyHAxRqSSP41itnzRofW3noLzFLGfmvREFQQ=,Demo track 398,TWAAA1500397
6pe6XOKc+06NhkgrFitOb/EKMj910AlS34LdhP510LE=,Demo track 399,TWAAA1600398
XVAiWjCX02nhNZ8t4bKfJOsVU51bG0YJXuOUl00tTgY=,Demo track 400,TWAAA1700399
