song_id,song_length,genre_ids,artist_name,composer,lyricist,language
reXuGcEWDDCnL0K3Th//3DFG4S1ACSpJMzA+CFipo1g=,150000,1259,Various Artists,,Demo lyricist 00,-1.0
T86YHdD4C9JSc274b1IlMkLuNdz4BQRB50fWWE7hx9g=,151000,139,周杰倫 (Jay Chou),Demo composer 01,,3.0
wBTWuHbjdjxnG1lQcbqnK4FddV24rUhuyrYLd9c/hmk=,152000,1609,五月天 (Mayday),Demo composer 02,,10.0
FynUyq0+drmIARmK1JZ/qcjNZ7DKkqTY6/0O0lTzNUI=,153000,2022,林俊傑 (JJ Lin),,,17.0
PgRtmmESVNtWjoZHO5a1r21vIz9sVZmcJJpFCbRa1LI=,154000,2122,田馥甄 (Hebe),Demo composer 04,,24.0
YN4T/yvvXtYrBVN8KTnieiQohHL3T9fnzUkbLWcgLro=,155000,359,aMEI (張惠妹),Demo composer 05,,31.0
M9rAajz4dYuRhZ7jLvf9RRayVA3os61X/XXHEuW4giA=,156000,444,陳奕迅 (Eason Chan),,Demo lyricist 06,52.0
U9kojfZSKaiWOW94PKh1Riyv/zUWxmBRmv0XInQWLGw=,157000,458,玖壹壹,Demo composer 07,,-1.0
43Qm2YzsP99P5wm37B1JIhezUcQ/1CDjYlQx6rBbz2U=,158000,465,G.E.M.鄧紫棋,Demo composer 08,,3.0
cy10N2j2sdY/X4BDUcMu2Iumfz7pV3tqE5iEaup2yGI=,159000,921,BIGBANG,,,10.0
J4qKkLIoW7aYACuTupHLAPZYmRp08en1AEux+GSUzdw=,160000,1259,謝和弦 (R-chord),Demo composer 10,,17.0
750RprmFfLV0bymtDH88g24pLZGVi5VpBAI300P6UOA=,161000,139,Maroon 5,Demo composer 11,,24.0
+SstqMwhQPBQFTPBhLKPT642IiBDXzZFwlzsLl4cGXo=,162000,1609,A-Lin,,Demo lyricist 12,31.0
IKMFuL0f5Y8c63Hg9BXkeNJjE0z8yf3gMt/tOxF4QNE=,163000,2022,Eric 周興哲,Demo composer 13,,52.0
v/3onppBGoSpGsWb8iaCIO8eX5+iacbH5a4ZUhT7N54=,164000,2122,蔡依林 (Jolin Tsai),Demo composer 14,,-1.0
DLBDZhOoW7zd7GBV99bi92ZXYUS26lzV+jJKbHshP5c=,165000,359,蘇打綠 (Sodagreen),,,3.0
p/yR06j/RQ2J6yGCFL0K+1R06OeG+eXcwxRgOHDo/Tk=,166000,444,楊丞琳 (Rainie Yang),Demo composer 16,,10.0
Xpjwi8UAE2Vv9PZ6cZnhc58MCtl3cKZEO1sdAkqJ4mo=,167000,458,丁噹 (Della),Demo composer 17,,17.0
8Ckw1wek5d6oEsNUoM4P5iag86TaEmyLwdtrckL0Re8=,168000,465,梁靜茹 (Fish Leong),,Demo lyricist 18,24.0
BITuBuNyXQydJcjDL2BUnCu4/IXaJg5IPOuycc/4dtY=,169000,921,The Chainsmokers,Demo composer 19,,31.0
n+pMhj/jpCnpiUcSDl4k3i9FJODDddEXmpE48/HczTI=,170000,1259,郭靜 (Claire Kuo),Demo composer 20,,52.0
BgqjNqzsyCpEGvxyUmktvHC8WO5+FQO/pQTaZ4broMU=,171000,139,林宥嘉 (Yoga Lin),,,-1.0
OaEbZ6TJ1NePtNUeEgWsvFLeopkSln9WQu8PBR5B3+A=,172000,1609,八三夭 (The Last Day of Summer 831),Demo composer 22,,3.0
3VkD5ekIf5duJm1hmYTZlXjyl0zqV8wCzuAh3uocfCg=,173000,2022,蕭敬騰 (Jam Hsiao),Demo composer 23,,10.0
/70HjygVDhHsKBoV8mmsBg/WduSgs4+Zg6GfzhUQbdk=,174000,2122,吳克群 (Kenji Wu),,Demo lyricist 04,17.0
fEAIgFRWmhXmo6m3ukQeqRksZCcO/7CjkqNckRHiVQo=,175000,359,韋禮安 (William Wei),Demo composer 25,,24.0
WL4ipO3Mx9pxd4FMs69ha6o9541+fLeOow67Qkrfnro=,176000,444,Alan Walker,Demo composer 26,,31.0
fCCmIa0Y5m+MCGbQga31MOLTIqi7ddgXvkjFPmfslGw=,177000,458,李榮浩,,,52.0
VkDBgh89umc9m6uAEfD6LXngetyGhln4vh/ArCGO0nY=,178000,465,周湯豪 (NICKTHEREAL),Demo composer 28,,-1.0
L6w2d0w84FjTvFr+BhMfgu7dZAsGiOqUGmvvxIG3gvQ=,179000,921,莊心妍,Demo composer 29,,3.0
+Sm75wnBf/sjm/QMUAFx8N+Ae04kWCXGlgH50tTeM6c=,180000,1259,S.H.E,,Demo lyricist 10,10.0
QZBm8SOwnEjNfCpgsKBBGPMGET6y6XaQgnJiirspW7I=,181000,139,Bruno Mars,Demo composer 01,,17.0
+LztcJcPEEwsikk6+K5udm06XJQMzR4+lzavKLUyE0k=,182000,1609,孫燕姿 (Yanzi Sun),Demo composer 02,,24.0
THqGcrzQyUhBn1NI/+Iptc1vKtxBIEg0uA8iaoJnO1Q=,183000,2022,江蕙 (Jody Jiang),,,31.0
8f/T4ohROj1wa25YHMItOW2/wJhRXZM0+T5/2p86COc=,184000,2122,陳勢安 (Andrew Tan),Demo composer 04,,52.0
ClazTFnk6r0Bnuie44bocdNMM3rdlrq0bCGAsGUWcHE=,185000,359,孫盛希 (Shi Shi),Demo composer 05,,-1.0
ys+EL8Sok4HC4i7sDY0+slDNGVZ8+uOQi6TQ6g8VSF4=,186000,444,Justin Bieber,,Demo lyricist 16,3.0
zHqZ07gn+YvF36FWzv9+y8KiCMhYhdAUS+vSIKY3UZY=,187000,458,徐佳瑩 (Lala Hsu),Demo composer 07,,10.0
o9HWMBZMeIPnYEpSuscGoORKE44sj3BYOdvGuIi0P68=,188000,465,范瑋琪 (Christine Fan),Demo composer 08,,17.0
wp1gSQ4LlMEF6bzvEaJl8VdHlAj/EJMTJ0ASrXeddbo=,189000,921,王力宏 (Leehom Wang),,,24.0
KZ5hwP74wRO6kRapVIprwodtNdVD2EVD3hkZmmyXFPk=,190000,1259,張學友 (Jacky Cheung),Demo composer 10,,31.0
35dx60z4m4+Lg+qIS0l2A8vspbthqnpTylWUu51jW+4=,191000,139,兄弟本色G.U.T.S. (姚中仁、張震嶽、頑童MJ116),Demo composer 11,,52.0
G/4+VCRLpfjQJ4SAwMDcf+W8PTw0eOBRgFvg4fHUOO8=,192000,1609,Ed Sheeran,,Demo lyricist 02,-1.0
k8DZF0FFuy2GydI7mnH1tH50pFcEQMPYVD/A7Y/T0QI=,193000,2022,動力火車 (Power Station),Demo composer 13,,3.0
7EnDBkQYJpipCyRd9JBsug4iKnfAunUXc14/96cNotg=,194000,2122,畢書盡 (Bii),Demo composer 14,,10.0
JA6C0GEK1sSCVbHyqtruH/ARD1NKolYrw7HXy6EVNAc=,195000,359,BANGTAN BOYS,,,17.0
8qWeDv6RTv+hYJxW94e7n6HBzHPGPEZW9FuGhj6pPhQ=,196000,444,蔡健雅 (Tanya Chua),Demo composer 16,,24.0
MtFK4NN8Kv1k/xPA3wb8SQaP/jWee52FAaC1s9NFsU4=,197000,458,Taylor Swift,Demo composer 17,,31.0
r4lUPUkz3tAgIWaEyrSYVCxX1yz8PnlVuQz+To0Pd+c=,198000,465,CHARLIE PUTH,,Demo lyricist 08,52.0
1PR/lVwL4VeYcZjexwBJ2NOSTfgh8JoVxWCunnbJO/8=,199000,921,TWICE,Demo composer 19,,-1.0
OakhL7CLirelAGEP9sYyP6fmTa8HV1mD/qVdpM6o5uE=,200000,1259,Various Artists,Demo composer 20,,3.0
IgMar/mVrJQ+ODFPytDf7jwQMmR09+slyZUdVylRFLc=,201000,139,周杰倫 (Jay Chou),,,10.0
A7Z2nDVASy04EpmfzOL9PRMN3hFVbWQ7ah4J+o9sLnE=,202000,1609,五月天 (Mayday),Demo composer 22,,17.0
x+wwBWqNXLShElFWaLs1ahI15dN4cl4ShC1/Wm4PsH4=,203000,2022,林俊傑 (JJ Lin),Demo composer 23,,24.0
msJWKceAKkJe5FJDUUpnHBL8qS3QQUC2faxjiJrEw5w=,204000,2122,田馥甄 (Hebe),,Demo lyricist 14,31.0
Ot8WIXZXzvgZeZoCwcimfORgLbZJJdslmuvO1ufZB7k=,205000,359,aMEI (張惠妹),Demo composer 25,,52.0
gvHR5iZ5GWVYZBMTQFo/k0LB3Hh2RDUNhDgOCzICosE=,206000,444,陳奕迅 (Eason Chan),Demo composer 26,,-1.0
q5/Vwifgv0SGdEIyiMU2F0pIXkeCIW3w2xB8n4iMoS0=,207000,458,玖壹壹,,,3.0
EH+nzRuSscqbP1Xd8ulzTMCGLEjqdzdxCaR8Fgyh6VY=,208000,465,G.E.M.鄧紫棋,Demo composer 28,,10.0
SHV52/0W8kZcf3uJZF9+ZP3S5vu2RO4WNGhZ8qQHulU=,209000,921,BIGBANG,Demo composer 29,,17.0
EL5DbsSvhAFtMBBoOjs4aipOjC3Xj4syX/l/wlK+kdM=,210000,1259,謝和弦 (R-chord),,Demo lyricist 00,24.0
sgHKhG2d57U2o88razl9SyG1nuuMDf0J2BuDhzoI12Y=,211000,139,Maroon 5,Demo composer 01,,31.0
IomyG8OwXU9lWvede4KdHxtUZ+eppEdusnOCDDok36g=,212000,1609,A-Lin,Demo composer 02,,52.0
GFWjz4apE8zMiXe6wc0qCjr+DbK9BFkwo/rr+FsNm+g=,213000,2022,Eric 周興哲,,,-1.0
3DU6F6k6dFSdoQa2tsia5spMXFCxWh4JJdA3OxSo3rM=,214000,2122,蔡依林 (Jolin Tsai),Demo composer 04,,3.0
cQI8Uzy06tt/XJ59vDlifTQTl2qOiTFBkf5yVCUNoyg=,215000,359,蘇打綠 (Sodagreen),Demo composer 05,,10.0
UQeOwfhcqgEcIwp3cgNiLGW1237Qjpvqzt/asQimVp0=,216000,444,楊丞琳 (Rainie Yang),,Demo lyricist 06,17.0
izWkEacMHX6lc+hEC3QnWwWd2LXiHZ9tacUNpfUz+aw=,217000,458,丁噹 (Della),Demo composer 07,,24.0
e/upMhPFcXl3Rxq0Us1abr0FcThlZOeqKJhBobmltBU=,218000,465,梁靜茹 (Fish Leong),Demo composer 08,,31.0
oTGg75yjTAP0grXmGld3EUD0b/b9u7lW2JyUX/mBiXI=,219000,921,The Chainsmokers,,,52.0
7dUiqNIuyM+aDRJEw3+ZSYydeZGAQ1AAI0eOd0Nzh8c=,220000,1259,郭靜 (Claire Kuo),Demo composer 10,,-1.0
jHMqK5wu5C0txl0QCxpkSM1xbIev60ii+dc99LXu8EI=,221000,139,林宥嘉 (Yoga Lin),Demo composer 11,,3.0
podlycp3c6tOEDw7q8iQBVgvFjiMpkWWXTlXljGdbTY=,222000,1609,八三夭 (The Last Day of Summer 831),,Demo lyricist 12,10.0
/6kgyFt1nsLDNbZh0AHM4Pb3sbp3CZ0C4DbPa4++eVE=,223000,2022,蕭敬騰 (Jam Hsiao),Demo composer 13,,17.0
6LdT9BiGIlQ3rJped7PACqnrzstFXz8dXD6MmmsA8uI=,224000,2122,吳克群 (Kenji Wu),Demo composer 14,,24.0
tB7WW8fbj7VdrPYInjSGBfslYr2DKNIeeFKQsqqMZvc=,225000,359,韋禮安 (William Wei),,,31.0
y/rsZ9DC7FwK5F2PK2D5mj+aOBUJAjuu3dZ14NgE0vM=,226000,444,Alan Walker,Demo composer 16,,52.0
X96NEF2NcG6gyKVF0+U3H98CgAlgecjthmaqQe0nLPE=,227000,458,李榮浩,Demo composer 17,,-1.0
ux6db2W4f9nhapYVkSg81Uzhxnw0vf44cFWHSd2EuJo=,228000,465,周湯豪 (NICKTHEREAL),,Demo lyricist 18,3.0
IXP1a2o3NL8WU4WK1X0WJAKaSW+LgGRpPDn4Gt1HrV8=,229000,921,莊心妍,Demo composer 19,,10.0
Ce8Mui+yVruumWy9pKMDfSRBFg1m93m/+XR8FHlktaE=,230000,1259,S.H.E,Demo composer 20,,17.0
eBme/h4Z4eP7BZY3tifu5Lr/dRB9NQJVIl36jZ5DZGQ=,231000,139,Bruno Mars,,,24.0
l71bGvOgjZIJQHa+E1GW7L5QWYSliCUKy+Hg3SmxzOE=,232000,1609,孫燕姿 (Yanzi Sun),Demo composer 22,,31.0
dBblcCblxZ/fqu94pTStU055+hRvF2oiyDEq0qHIfiA=,233000,2022,江蕙 (Jody Jiang),Demo composer 23,,52.0
zg6SzD3aqsnOqqyhFYTdbCNFrhSACbwefB/ZFi68AO0=,234000,2122,陳勢安 (Andrew Tan),,Demo lyricist 04,-1.0
9tNXaK/yKJfTcoWLRFw6HXplizDxq4bFvzs3scmesCU=,235000,359,孫盛希 (Shi Shi),Demo composer 25,,3.0
TVtxD8qAAl8KeA5CU+1c4Pg6+/PR3vK2vYMnY/eSGho=,236000,444,Justin Bieber,Demo composer 26,,10.0
80hnDqhSe9u2uIaLvDh1tCbwryzDrsf789zgDDF+k+s=,237000,458,徐佳瑩 (Lala Hsu),,,17.0
66NCw1qHAROy0PiUC1tPNmGYqRvBSfvGUsO+46BooDc=,238000,465,范瑋琪 (Christine Fan),Demo composer 28,,24.0
JiY2ckGkra5KGchu3Rh6KPH9FL2J0tTmAB3pGyVi4BQ=,239000,921,王力宏 (Leehom Wang),Demo composer 29,,31.0
gG8cycpwQak+/chDrTlk8CXXIw4ztVIO1OhbdJBTav8=,240000,1259,張學友 (Jacky Cheung),,Demo lyricist 10,52.0
u6/Pb7X4u7KU4gXrBgGqt8RlRrNNFLn03tLAHyxRxwA=,241000,139,兄弟本色G.U.T.S. (姚中仁、張震嶽、頑童MJ116),Demo composer 01,,-1.0
nW60n6qAGoytY/yX4w0r1IT462C9Xs/ZxbV6MLDSpUk=,242000,1609,Ed Sheeran,Demo composer 02,,3.0
U8VgelI8G461f4FVJHnavdn4zx7XjmSFcNHZ3Hru3TU=,243000,2022,動力火車 (Power Station),,,10.0
DRWs2zLgDBAqLqyHsNZVPyiBed+Iutm+qsoWqvo6dkA=,244000,2122,畢書盡 (Bii),Demo composer 04,,17.0
jFUlstiDM/0JBpQz1N1Mr1uJj0H8kiQsJjfbnx45gHs=,245000,359,BANGTAN BOYS,Demo composer 05,,24.0
W+akwEPQhC1OugUaQlo0DR9xVs49UbJDZbiGvgN6ZyY=,246000,444,蔡健雅 (Tanya Chua),,Demo lyricist 16,31.0
h90KlUZE/mlkkPjhbhz3hXY1zvOhqJXuiKBoFWnTDAo=,247000,458,Taylor Swift,Demo composer 07,,52.0
pHaz1pjrzfa+p9u7Ga2ngsEhHUyUgT1Npouo+nP6e8s=,248000,465,CHARLIE PUTH,Demo composer 08,,-1.0
bTlSHgnwaBMIKHseTFHanJ3Zr4x82ybrGkexpnxDhTY=,249000,921,TWICE,,,3.0
zx4aCmk+b/uPmvESsG8ekvi7qWmifSPNMXg1i8wyG8Q=,250000,1259,Various Artists,Demo composer 10,,10.0
48PnLVsKQXwlRoNr7779QyZxweYBbpX9z3E1YZm2F/A=,251000,139,周杰倫 (Jay Chou),Demo composer 11,,17.0
TIwOs7iFTKo3Cy2yiNReYYcZc1JyAx+0k08+z97k1dA=,252000,1609,五月天 (Mayday),,Demo lyricist 02,24.0
euRuXf+FKUosn295WoeqQbQJ4MQ7es1jJAQlmqZFA/I=,253000,2022,林俊傑 (JJ Lin),Demo composer 13,,31.0
jWx64JroBecZQXiaNU1toeSiTyhqdtsj38JTLS2TEhQ=,254000,2122,田馥甄 (Hebe),Demo composer 14,,52.0
KcQ4assZxaXsdizqxGjUSAY7CNc6+6hQzpVsjnWsShQ=,255000,359,aMEI (張惠妹),,,-1.0
+h+uIXLQyXHuCdwAY5oT3T302vt0IdQJtux0APXhriw=,256000,444,陳奕迅 (Eason Chan),Demo composer 16,,3.0
/RYwZD+IL/0YEgpu71HgW9q6c2A80gr/fC/j0BmYGvo=,257000,458,玖壹壹,Demo composer 17,,10.0
WOvHYkt7XUOtmMOTsgT+2vJKydJEVInZGliuLUXoV7o=,258000,465,G.E.M.鄧紫棋,,Demo lyricist 08,17.0
XA08z3r0wdQvY3CE0lFDTd/MuAgD7b0XKZnCvo+ylKE=,259000,921,BIGBANG,Demo composer 19,,24.0
i7p594HsKb4cYynsE1a80PmSBL9bFI2dmBu16bwdke4=,260000,1259,謝和弦 (R-chord),Demo composer 20,,31.0
41aDNLPNdJ8PZdNo46uAPDJ4yFTKrPYY1jeM4CucBGs=,261000,139,Maroon 5,,,52.0
zuyzUP11fbgoVp6IMfWK378GDToe59ZlK5gkf+7aKdg=,262000,1609,A-Lin,Demo composer 22,,-1.0
MwZaD94L4Wl4APdJSVQF5JPt+xH6hb2KtWpFsjwYUlo=,263000,2022,Eric 周興哲,Demo composer 23,,3.0
Hum12fv82coQWytuQUP8K0cHEdJ9zz10RrGjsGqmDpw=,264000,2122,蔡依林 (Jolin Tsai),,Demo lyricist 14,10.0
0ee/D6HjX0jSytUn3v58C0x6zEzN4bcPq3WlqvrG/Xo=,265000,359,蘇打綠 (Sodagreen),Demo composer 25,,17.0
ajjUpdQjWCwzCHNd6C0hB3Fz8BIPGjSy6IT35+UWD1I=,266000,444,楊丞琳 (Rainie Yang),Demo composer 26,,24.0
LBFRdBacp7Ob6Ada2N7uCQ47DhiNT2KjUtwOA7oSm7I=,267000,458,丁噹 (Della),,,31.0
d9Flpsyq/y8CR3F213pnXUkrfK1fMClvhYH37pFSc7s=,268000,465,梁靜茹 (Fish Leong),Demo composer 28,,52.0
A0t3F/l/3A5UvyPnNQNkrwJuW4vH7f/ttZZ9ud7eWx8=,269000,921,The Chainsmokers,Demo composer 29,,-1.0
NDtiB0N12yjIn9D9reqXF8NPPCq6vMNhOwd9A/c3qd8=,270000,1259,郭靜 (Claire Kuo),,Demo lyricist 00,3.0
w0/+8z/tSrUK3JctMyhYTh2LfNl9OFga+Tw0yl0IVfc=,271000,139,林宥嘉 (Yoga Lin),Demo composer 01,,10.0
0b8M2FLEH176y/ng1rK9ftUYDYnA+1NdoCOUeuyBMtU=,272000,1609,八三夭 (The Last Day of Summer 831),Demo composer 02,,17.0
G0rUz0kguI35yzj95LX2BXI30PqCcJJtPNfirR0BhIs=,273000,2022,蕭敬騰 (Jam Hsiao),,,24.0
qxDl7URNa8pfCbbdoMNE0cHrU1+hMSIdyqhOGvQo69M=,274000,2122,吳克群 (Kenji Wu),Demo composer 04,,31.0
jRzcNOC0WGSfwQmr9ZP5mxiPYxAdkGrPFGc0GvS1dOs=,275000,359,韋禮安 (William Wei),Demo composer 05,,52.0
XUz4Z4wPPChz+OIwkwj7HJ8teIjW3rEMdEATM80rDxM=,276000,444,Alan Walker,,Demo lyricist 06,-1.0
rFLawM8j/vW78o/S3P2GTsmy6HwkTI15P7NF/i9CkX4=,277000,458,李榮浩,Demo composer 07,,3.0
s84FxzZB6F3J6VOD21RuFLngqi6nMsKA4txNXn+pbK8=,278000,465,周湯豪 (NICKTHEREAL),Demo composer 08,,10.0
JTMsJNPcL2ambkp1Z/MeBEnFEzZEOKetdLPrJxHf7v8=,279000,921,莊心妍,,,17.0
PQ60bLYQn4lnOqNp2pmsUziCKclqLai5pemA9rWWQko=,280000,1259,S.H.E,Demo composer 10,,24.0
i356q8t0P9emMJq8PsFkY6CGoi34mP3cgXuDpfEDyhY=,281000,139,Bruno Mars,Demo composer 11,,31.0
+cP03fE+hnJUB/v2PHLsD9UHBjmDIYvbuX+NrFqeudI=,282000,1609,孫燕姿 (Yanzi Sun),,Demo lyricist 12,52.0
ra6TLz6Y37OSFOqg4aCvjV7nalatCwZdQvoJRMwSNvk=,283000,2022,江蕙 (Jody Jiang),Demo composer 13,,-1.0
uWREia5CNSoapbU9+BpqQxlSfntw1J/01HQGpVxFiM4=,284000,2122,陳勢安 (Andrew Tan),Demo composer 14,,3.0
EELIvnP5lcFg+W/XGvKrKj06DhzWRoowEHGGvBGlDkk=,285000,359,孫盛希 (Shi Shi),,,10.0
x0AQuGp6SHvaD/fLkk+6JzAp6zOUgd30Tx4oL3YBz5Y=,286000,444,Justin Bieber,Demo composer 16,,17.0
r5BnHxvuPlLjwr4MHf3dF3yUY+NVS6rHrkVG7wVZ1uE=,287000,458,徐佳瑩 (Lala Hsu),Demo composer 17,,24.0
TbrfWJpl81E4alsi2+b84oeUu+b5S/8n9yFlZDriNYs=,288000,465,范瑋琪 (Christine Fan),,Demo lyricist 18,31.0
n+FLlTL+LrNTa6xpoGkESEzlUMb/hPEM1nLq2U6fEp0=,289000,921,王力宏 (Leehom Wang),Demo composer 19,,52.0
h45pWoMzCvsq3e3rBIuHggNB/3NG06/SIVDPEPOF1Gc=,290000,1259,張學友 (Jacky Cheung),Demo composer 20,,-1.0
c2bp6xlq7o3Pj6x95ddX67S/wGsP6qPN/8PqM1DL0a8=,291000,139,兄弟本色G.U.T.S. (姚中仁、張震嶽、頑童MJ116),,,3.0
rqNd52MxQ+okfR61j2c7u36DLODO4d2Zt/hMm3jxncM=,292000,1609,Ed Sheeran,Demo composer 22,,10.0
gu/lHDjq6qqpU7r3CQkvRpGF9kqc2Mrn9CZhb7jrFvY=,293000,2022,動力火車 (Power Station),Demo composer 23,,17.0
xK0clTH8TvjG6sKmJXZuMLzhikhlEsolLtx2AHBpmbQ=,294000,2122,畢書盡 (Bii),,Demo lyricist 04,24.0
ze0+7p13wqB1hZ/KWd6OT42LBehKmYVQyGGzEv8Q4fA=,295000,359,BANGTAN BOYS,Demo composer 25,,31.0
f0Yvo22LVUbRIlICXcEEym7IYNVjUqghZryP6Vf103A=,296000,444,蔡健雅 (Tanya Chua),Demo composer 26,,52.0
9YYrODwrXpDcCjOJypHROv3f5z40y11QlmgQjmzp2vQ=,297000,458,Taylor Swift,,,-1.0
JRa3KgSwWDyY17usXoi6jN8O6v6t6Tq4xcwjbUkbQFQ=,298000,465,CHARLIE PUTH,Demo composer 28,,3.0
shYcSF/8MpYMxMzLfRznBZjwoQIvd+RUH06UamCj8ks=,299000,921,TWICE,Demo composer 29,,10.0
dKfxhaRKwvhiYOUQ5JlkxQrJ/dDksdFueybCIdG5dXI=,300000,1259,Various Artists,,Demo lyricist 10,17.0
WrVBxKvotVYzAKxCxNAGssQ1oCgO0gAJ4sNCfhfdfOY=,301000,139,周杰倫 (Jay Chou),Demo composer 01,,24.0
VEHQ9uyNfwMBFPtkLOFGSOnovTSfj6RlQbgYZYp1xZQ=,302000,1609,五月天 (Mayday),Demo composer 02,,31.0
un97bVjGL490RQbl8kr/58qbzkeuFBGMnXFRst9RArs=,303000,2022,林俊傑 (JJ Lin),,,52.0
f8/yxXLT8/hENDkcudzHhytnOwyUKJ+/JCY7Y+L/Gsw=,304000,2122,田馥甄 (Hebe),Demo composer 04,,-1.0
nnGh305rOmte1K/4D+qsL1LyY6P+jvDlzATIqwbCa/0=,305000,359,aMEI (張惠妹),Demo composer 05,,3.0
Bh52i4Qxauj9DCtTLH9CeKZgB59FIP2NofIbc6Dh0Xw=,306000,444,陳奕迅 (Eason Chan),,Demo lyricist 16,10.0
QjRlzbxmVxusW6CP2Xr8GjX3BnPitUMFBxCWxd/5AKY=,307000,458,玖壹壹,Demo composer 07,,17.0
9zVQUtq/Uzlxk3X7BwI28CSY7FomzpmtsRc8f2bRyJE=,308000,465,G.E.M.鄧紫棋,Demo composer 08,,24.0
AyU+NHMfkl3i4KQlaVcu2Y5w4JS+yMgNapvCrDuQtmY=,309000,921,BIGBANG,,,31.0
fUGs+CNuo9R1M6NQbuyGVFMJmTf0TSFHjYDrBglyuVI=,310000,1259,謝和弦 (R-chord),Demo composer 10,,52.0
Wi0kjTBakpXIWBbaT++vmtjDSEo06lhfiVO4KMSF5jc=,311000,139,Maroon 5,Demo composer 11,,-1.0
dNvkA285an/yeIMPT4VszEQlmwHsZHHSgDbDB5nEkmI=,312000,1609,A-Lin,,Demo lyricist 02,3.0
NO3PiEzofJglKjD8+biTGWkEVRDfE799y8c9wQS1XWo=,313000,2022,Eric 周興哲,Demo composer 13,,10.0
W4gOC3iBXV97C05qyVDGIKAJg76BJcrzWPnLwkKK6kQ=,314000,2122,蔡依林 (Jolin Tsai),Demo composer 14,,17.0
NhQfOVnptpW5z5qsP/sN+hVS8TM2iYvdy/ZGVe7K+kM=,315000,359,蘇打綠 (Sodagreen),,,24.0
skehue/d/R59G71dXYpntDwdjRRPlweN3JE8g40TgZU=,316000,444,楊丞琳 (Rainie Yang),Demo composer 16,,31.0
cLpXPLkgvZlNs+wbtHh2zFjvGMH61BU5fj79s+G2/PE=,317000,458,丁噹 (Della),Demo composer 17,,52.0
etnpvFVFCKje9Br8nB2pWWlaMRVwN6euSQc9+7ZnXR4=,318000,465,梁靜茹 (Fish Leong),,Demo lyricist 08,-1.0
eqxzfyc6kVOcYTDo7GCguRsfLEplxdlJ+umjJsB8gdY=,319000,921,The Chainsmokers,Demo composer 19,,3.0
J9EcIEDOoNbdN2ku4SGtIp0pmg/k+NRWLOZIra16DUk=,320000,1259,郭靜 (Claire Kuo),Demo composer 20,,10.0
KQkL3RbSia9p7I5H9wrdEFmQZSJEZc64kpnzDUUEe84=,321000,139,林宥嘉 (Yoga Lin),,,17.0
iiifj//EcKnociT6W3nBASJygGe/TyFB41UD1bTtnU0=,322000,1609,八三夭 (The Last Day of Summer 831),Demo composer 22,,24.0
RiJp0d9j7dfyZ/pyUPtWLXiVp77iitN5lUQTR6qjEOg=,323000,2022,蕭敬騰 (Jam Hsiao),Demo composer 23,,31.0
GIDL+PW6bG3ZeBgOby6JNIQn82kPQ+MZjIybnyI3D6M=,324000,2122,吳克群 (Kenji Wu),,Demo lyricist 14,52.0
5TKFWT9ivwAJiqRWz5apDsePXcJZ2b1RA/1gxTm6XoQ=,325000,359,韋禮安 (William Wei),Demo composer 25,,-1.0
Rerp71vL127G1162T5Bwgk3D6r/ZtiXDfWvYz+3ljhE=,326000,444,Alan Walker,Demo composer 26,,3.0
uzU6ntNZT60j0CqFNXTpF6Oo8W3w5UwU/ANEODidW04=,327000,458,李榮浩,,,10.0
VkILU0H1h3NMmk9MQrXouNudGk5n8Ls5cqRRuBxeTh4=,328000,465,周湯豪 (NICKTHEREAL),Demo composer 28,,17.0
oAfWzsEYsibZUgmlL8NNYoO0aB4gSyU2tfsQvQp+7f4=,329000,921,莊心妍,Demo composer 29,,24.0
WRuHbl8CJbAuzUb4f/88Ly6IXif+IVVWolkp33Nm8wI=,150000,1259,S.H.E,,Demo lyricist 00,31.0
1UHqpOyecqH+8NytyogNdQz/2zUDpmHzUF5lgH1gvyw=,151000,139,Bruno Mars,Demo composer 01,,52.0
H9SPhwq9W0h/3XECeWOjmDRiVN7V5bxTLFlOqWDcqrI=,152000,1609,孫燕姿 (Yanzi Sun),Demo composer 02,,-1.0
Hl6EBpUuCKh8k8Mzao5hml03O4q0syx+7atSC3vEvok=,153000,2022,江蕙 (Jody Jiang),,,3.0
+CvzJ0dbjOAypszTDhMrSjJJQYNbEiDrSod3wwcOA1k=,154000,2122,陳勢安 (Andrew Tan),Demo composer 04,,10.0
DhuNF1B0GK4zzZ7U+v/vt/Y+3aQbTRmV2bd99TUAXzI=,155000,359,孫盛希 (Shi Shi),Demo composer 05,,17.0
limwLMOy3/jAQ5dOa3x7k/eJmA1ARXel99C337h+E34=,156000,444,Justin Bieber,,Demo lyricist 06,24.0
CXdtx7/QxePhjYwYFcXVv+lXjCDEGRJ9r/OC7IQXthw=,157000,458,徐佳瑩 (Lala Hsu),Demo composer 07,,31.0
UZ3dBhXYs3u2VWiwH9VQYBWnp1hi25EmxuK8JISoSZU=,158000,465,范瑋琪 (Christine Fan),Demo composer 08,,52.0
M0vkEMBlcbeVSWQQx/6FtXbJ57IiCw27TW8/vmSayk8=,159000,921,王力宏 (Leehom Wang),,,-1.0
4MisMKfKs26kWvzPwqJMnqqoeNfOlsfiiFswvWIQOUI=,160000,1259,張學友 (Jacky Cheung),Demo composer 10,,3.0
g9qhCRIaFUnq4Z9HJcFQWHWRstWhK4NoB2sRPoD9iuc=,161000,139,兄弟本色G.U.T.S. (姚中仁、張震嶽、頑童MJ116),Demo composer 11,,10.0
zQ42nV6yi4mJlCn/6KEjm+SP6pEwUsd3P9fpI8tDiWE=,162000,1609,Ed Sheeran,,Demo lyricist 12,17.0
pkKADcjPLFdP9kX40L8dlmbLWkgUTqUB0LhurVLSTME=,163000,2022,動力火車 (Power Station),Demo composer 13,,24.0
SEXmGAIKrBLJvU2yqL7G0KUkKq81WgLwrzy/GHyPjYE=,164000,2122,畢書盡 (Bii),Demo composer 14,,31.0
kFx6IW7O34CiWxdfV61/cIjZs57ZasQBPjJQSJk2pk0=,165000,359,BANGTAN BOYS,,,52.0
yPA+sQt5tJ3NgR6/L9BefmNpA2152zQQ+/Kvtt3iSUs=,166000,444,蔡健雅 (Tanya Chua),Demo composer 16,,-1.0
h6SYWHqaMPtbHyqeNQGtCRfq7GAH4+9hrauUwd5z2VA=,167000,458,Taylor Swift,Demo composer 17,,3.0
JiHWUXkERiCPai7GKXVal+Cns8SWC8Ft0+5NKSQdbfU=,168000,465,CHARLIE PUTH,,Demo lyricist 18,10.0
GAWjH9Uns87Q1pcQTJZo+PaiJIsUj3DEWjtGqyMUZm4=,169000,921,TWICE,Demo composer 19,,17.0
G21dv1ZiXpa7iO6UrKktIgqRdrvx7nLjRbRHGmtzGvQ=,170000,1259,Various Artists,Demo composer 20,,24.0
4brTUuIjK24sVlWzSLLL33b3JbwhNVfaDo7vvBt9FCQ=,171000,139,周杰倫 (Jay Chou),,,31.0
kge3dyGXCTqgUbHpFPB0x8gy+cPAamtArhr4sghdRH0=,172000,1609,五月天 (Mayday),Demo composer 22,,52.0
VqOqrfMxAOMwJpyfUSyWuPmHpMtSuzvrCvHgahApvDU=,173000,2022,林俊傑 (JJ Lin),Demo composer 23,,-1.0
Ru7n8Xw2s8LGDsgDhyzWqCWQRWQW9KNPY9qMOFAf5x0=,174000,2122,田馥甄 (Hebe),,Demo lyricist 04,3.0
IiO/4aXuzEtXpyd1A7LV2TlAdIS5Rzl3hwdtbKuNBQ4=,175000,359,aMEI (張惠妹),Demo composer 25,,10.0
DH9SXL888u6VtOCkF/nqFbmtHlEkYgh9atVYPHfSfo4=,176000,444,陳奕迅 (Eason Chan),Demo composer 26,,17.0
wJdog4OHtULqly94aQ/X2uud6ya+juDh25ay4sqoxuI=,177000,458,玖壹壹,,,24.0
vLvRGCAj8JzTLygSB20eqIL6hSTzE7gf4hyYAguZp0k=,178000,465,G.E.M.鄧紫棋,Demo composer 28,,31.0
7Xxzo9Z584Z1AhkaLLWEcpzcEuxcquGE52Ztc4879YI=,179000,921,BIGBANG,Demo composer 29,,52.0
cVHsClcaUfj3ZPoqihH1Rd6ZSaDpa6UbdMDcyx8FfVU=,180000,1259,謝和弦 (R-chord),,Demo lyricist 10,-1.0
JP0GJixHOHSNDsjKiQY2ttQKbDmWSk35JMMfPtR06BM=,181000,139,Maroon 5,Demo composer 01,,3.0
8Kn45Wt6j2eOQSYFai72rdxvmy6rXFGXCcbi92hzOAY=,182000,1609,A-Lin,Demo composer 02,,10.0
R1769yIwSejBpG/qGgxdD3BiYXI2fJgMg1jjlKCPhIo=,183000,2022,Eric 周興哲,,,17.0
++QfzyM/LiFaCuvkDFK/wJe13ZEMgTgAaVCcolo7nnY=,184000,2122,蔡依林 (Jolin Tsai),Demo composer 04,,24.0
ih58jIWgit7qPy3VpvbM6E7AIvs57ylCHMVpIl1T+Io=,185000,359,蘇打綠 (Sodagreen),Demo composer 05,,31.0
HzCFc9gU/AuYNF1ld1ZlyeCpQvVLTonc8+ZrUAidmmY=,186000,444,楊丞琳 (Rainie Yang),,Demo lyricist 16,52.0
Ujt3R5hAe0Pix2mURuC+CO6aazhCvEU2lByPzy3E90k=,187000,458,丁噹 (Della),Demo composer 07,,-1.0
TLU46LbiJ+1mmJr4Le4Z5eaUQq3TiXgdZpE5EtR4WZI=,188000,465,梁靜茹 (Fish Leong),Demo composer 08,,3.0
2Y7NstzrTnCFlRel5m80hPDe9471QRU9oyqPIx1xIP0=,189000,921,The Chainsmokers,,,10.0
DT35ri8FZuj7PGLxW/PhK5lt+CFVV85jDqPrBz6kixc=,190000,1259,郭靜 (Claire Kuo),Demo composer 10,,17.0
oDG5WCyUlb9i/Sr34Fljeh0YsONZKxl+7jjUw27vm5U=,191000,139,林宥嘉 (Yoga Lin),Demo composer 11,,24.0
XlkjAJe0dfNZGVXs98X/tteFpStvXboU0MegqWJt36U=,192000,1609,八三夭 (The Last Day of Summer 831),,Demo lyricist 02,31.0
9Xxvd9J4SpEakcmoYTvt+ekTW15btrc+DKumBSTJZU0=,193000,2022,蕭敬騰 (Jam Hsiao),Demo composer 13,,52.0
nW7czLK5LBcCT/uAo+03SyWAbaEEaSnXI5uxhC7QiBM=,194000,2122,吳克群 (Kenji Wu),Demo composer 14,,-1.0
6uCt0I6XmmXX7fta96XlZyxtSWXlTa2ZviRbxnDUa/w=,195000,359,韋禮安 (William Wei),,,3.0
27vpOctGRDxfm4nJsYUfvNaoL8ayuXiYAYUH4H1mfJk=,196000,444,Alan Walker,Demo composer 16,,10.0
eKCra1VJtznUJW/pya0TCpqHRxHxdQ51S3fspJmR2gs=,197000,458,李榮浩,Demo composer 17,,17.0
2uFTn3kDES2C3JeqzV4cpSAGQ756GFK0XajzEDLqER4=,198000,465,周湯豪 (NICKTHEREAL),,Demo lyricist 08,24.0
CsgH03aRehnhVifHOPXwF4mfA2yHdqK/IWpwXMm73CU=,199000,921,莊心妍,Demo composer 19,,31.0
TYhx9eqWklddkLQlApQ5MS9jJCO4H3JHdpISZ3kZSRE=,200000,1259,S.H.E,Demo composer 20,,52.0
3Yz717mUtR+r4L0zzgDgWnYeFtY9g68ZjKlq1U72KNw=,201000,139,Bruno Mars,,,-1.0
OE6pqPyTUHX2LrFokqXrAVv6VkRGadC8XQ8CZZpaa3g=,202000,1609,孫燕姿 (Yanzi Sun),Demo composer 22,,3.0
fLcg1JwIF80DBi1D5gheP1WuO4IXt4HFSd19TZ6y61M=,203000,2022,江蕙 (Jody Jiang),Demo composer 23,,10.0
jceXeAoNeYd3hRvbWRdqCUinjutJgWRyvPezTymyvTc=,204000,2122,陳勢安 (Andrew Tan),,Demo lyricist 14,17.0
B2jGIdcFp/C/jeFaJdOwrw72q0kEetFFo+fReLkd6o0=,205000,359,孫盛希 (Shi Shi),Demo composer 25,,24.0
kTfvijj0YOM4LkNBb+6RCPKakz/8NEw5y2PMdmc9bc8=,206000,444,Justin Bieber,Demo composer 26,,31.0
+yj1hcpU3QLGXS2iW9srqWCBV5NE73L9hHR3kbV2NQg=,207000,458,徐佳瑩 (Lala Hsu),,,52.0
yL8VeuH6lYFA4hYVGX/1HmPogBfp1Ex4ZkL5PjWy11k=,208000,465,范瑋琪 (Christine Fan),Demo composer 28,,-1.0
wR+LLM957WfBdaXmUsdE9AiGzOVki7yjelGea+0Ze8E=,209000,921,王力宏 (Leehom Wang),Demo composer 29,,3.0
CTwL9Gnx6QsaZ6+ygo/VHirN/XZKxlUJEB2VGQX8yjg=,210000,1259,張學友 (Jacky Cheung),,Demo lyricist 00,10.0
DKGm2awf1TsLWeXqpDfVVQf5M2qPmcxI9Dwxz+45Qqs=,211000,139,兄弟本色G.U.T.S. (姚中仁、張震嶽、頑童MJ116),Demo composer 01,,17.0
IIPVkO6EB8ymcuxkuxkum1N5gowLdTzy9sYF9luyhVk=,212000,1609,Ed Sheeran,Demo composer 02,,24.0
GQqErVwbH/YaifR6wl2S6prosRVHhwGO2/Aq5aIJLA8=,213000,2022,動力火車 (Power Station),,,31.0
w4Zku7HxtkAKl/BB8H81ZfWOXwnnmVbZBvFZeRPuRUU=,214000,2122,畢書盡 (Bii),Demo composer 04,,52.0
Gew5+s/HwCSjQ6bX7/dZ0pXS6TB4ccOrOYcQg7FWDZI=,215000,359,BANGTAN BOYS,Demo composer 05,,-1.0
6HofPS0v2MVFsL10yCN7dXUL+gUOnvsD35vx3HmRbdE=,216000,444,蔡健雅 (Tanya Chua),,Demo lyricist 06,3.0
d5ayexvXscdzmuGxENyY8Uwb4AQaxt0dEcnkAgES7xw=,217000,458,Taylor Swift,Demo composer 07,,10.0
ayL6eLHKSrmX4smFi1KbGMYrWI9EwsiErGjWUJ9CTrQ=,218000,465,CHARLIE PUTH,Demo composer 08,,17.0
p6vR55B6kN6DL6mkWo3Ndkzd1KEbmr38ndt04bYuzXo=,219000,921,TWICE,,,24.0
yCNGVHLlA+gdUm0RfeIm1xAYXFugchHvED5JVerYSWM=,220000,1259,Various Artists,Demo composer 10,,31.0
YmAISVdWO5T+OgcuVLr6qQ7OsqPzAbBO7BrEwfcxMSw=,221000,139,周杰倫 (Jay Chou),Demo composer 11,,52.0
gZphe9aRvr0vVO/oEt23amqyDc+YabbIJ9WIzZTVjG0=,222000,1609,五月天 (Mayday),,Demo lyricist 12,-1.0
o0kFgae9QtnYgRkVPqLJwa05zIhRlUjfF7O1tDw0ZDU=,223000,2022,林俊傑 (JJ Lin),Demo composer 13,,3.0
nwSpTQoTbubQRzCAjsWTemzjG0B36aa5Dqpi2py8jsU=,224000,2122,田馥甄 (Hebe),Demo composer 14,,10.0
5Qh7YI03x2cbQFFv/e+faYhVpFAzjvnuE3YXkx2KgsQ=,225000,359,aMEI (張惠妹),,,17.0
WTTcFYZNyqe1dL6Rm+jQMLx/tospfRR+PhD1OFix1mQ=,226000,444,陳奕迅 (Eason Chan),Demo composer 16,,24.0
Hg9Bv1grz9a7lTp6HxpK//dV5AOqft4uk1fjIfPMJFE=,227000,458,玖壹壹,Demo composer 17,,31.0
HRg8zzy3PcS4sBcZIFOcUL4uCqg7SurUslUQyF2op+o=,228000,465,G.E.M.鄧紫棋,,Demo lyricist 18,52.0
338YQI2OhQDjVCbuAJ2t0PQtzDG8KRSFdB69kiwt3CM=,229000,921,BIGBANG,Demo composer 19,,-1.0
kHpEHXKwwG+dwmOR2NnvrXwsE24vqD7n40tcNQE/niQ=,230000,1259,謝和弦 (R-chord),Demo composer 20,,3.0
YJKHI4Asj1oM5vJftbISis2QYliVSExtWiWnwb7TOgo=,231000,139,Maroon 5,,,10.0
eaEPf0VwQhIvfAm8xzQucpa0/OnWo18Ig1cfMIUsZ3M=,232000,1609,A-Lin,Demo composer 22,,17.0
opfHqJ0Oz4KsSqM5/TqBERkLI9DFnMD0Jywzh7XSE6Y=,233000,2022,Eric 周興哲,Demo composer 23,,24.0
WWgB6GYGuyplhfw51plAbvpnixjsFA3XKSyEuTN42Tk=,234000,2122,蔡依林 (Jolin Tsai),,Demo lyricist 04,31.0
lUp9A0i6jbaMvGNlR0eaMwxd0Vlv5LZM6NHgDDBCqqI=,235000,359,蘇打綠 (Sodagreen),Demo composer 25,,52.0
msy6vSQ15p6RVJfm/bSgcDwd3YSLp445Pdhzw6CEZRM=,236000,444,楊丞琳 (Rainie Yang),Demo composer 26,,-1.0
N21RxItkM+DqGIdEWiPa5urFl3xvDUNVdhr2bFZvMeA=,237000,458,丁噹 (Della),,,3.0
LBnwicJLcepb/l8c68qpMRJIaUcm1UvgtKEfQwITrpI=,238000,465,梁靜茹 (Fish Leong),Demo composer 28,,10.0
hme5eV1flIR0iLiRc0XRKQHssHaz7palP92OutFelak=,239000,921,The Chainsmokers,Demo composer 29,,17.0
hDaCYJApKdeZGK7HPAWppz+FfmRwNh9g1wBc/EkBfYE=,240000,1259,郭靜 (Claire Kuo),,Demo lyricist 10,24.0
cR+VrCdZkNm/QM0WjQQip9AnOrT/auRDZboM1KpevS4=,241000,139,林宥嘉 (Yoga Lin),Demo composer 01,,31.0
Z+mhovcYbExPp66GnBecKttDRM5S5YCAw9vzJACsQAU=,242000,1609,八三夭 (The Last Day of Summer 831),Demo composer 02,,52.0
S9Ceoq7vRyE9wVvIyi8dWYZ+9bN3W/hP8i6nFTM8y70=,243000,2022,蕭敬騰 (Jam Hsiao),,,-1.0
Wn5ltxI7NsFk4xGFHOFXv2ajWU9HmuEgDF+xs1EJpFo=,244000,2122,吳克群 (Kenji Wu),Demo composer 04,,3.0
UXK+xHZe1REiVRlOMS5gvqeUY+kLbVyiEdJRTLYoZkk=,245000,359,韋禮安 (William Wei),Demo composer 05,,10.0
yciKx3VagNk6RuCqe0KbTbwl+cWXKVYWAeI8UFe9Dfw=,246000,444,Alan Walker,,Demo lyricist 16,17.0
BwDDym6Tp7EnGudWBGJyjONZeX0/4ndu5PETiPWzav8=,247000,458,李榮浩,Demo composer 07,,24.0
UksdvC4qcXmgOvmMSOPWh9sB2z7a+dT1CWlI58lq04U=,248000,465,周湯豪 (NICKTHEREAL),Demo composer 08,,31.0
Bmj+IwjGGnbUyQ02jJpz5K+2vmxCOKfBqVd7ypu6OLo=,249000,921,莊心妍,,,52.0
Q+minHX51E+PXPs1VxkIlW+XhmV9ANm2rchEcZ8Wt9k=,250000,1259,S.H.E,Demo composer 10,,-1.0
F48LS/DqAt1EnPHRezspUgYaZcmiOoyOD75UFpHenEE=,251000,139,Bruno Mars,Demo composer 11,,3.0
AJQOsWR+d8TYfx8K3IngAs9/GSQE5ujDqBx/8PYm6zo=,252000,1609,孫燕姿 (Yanzi Sun),,Demo lyricist 02,10.0
9W/H8tPBKQ7VWmBctuQ6RabciYdr1l+/kg1YPDcPOlU=,253000,2022,江蕙 (Jody Jiang),Demo composer 13,,17.0
Kpyp6PVaOaQz81TH4KYB59FJiO/GVgzDVyCmiyxHTxc=,254000,2122,陳勢安 (Andrew Tan),Demo composer 14,,24.0
0PSoBhrpfwF09qQKvTiItwZNPjOuyL0uoTazKevG8ls=,255000,359,孫盛希 (Shi Shi),,,31.0
A5cw2rib82lWjtNFr3bxQysyjPVpiYlgmnULDQ8X0BQ=,256000,444,Justin Bieber,Demo composer 16,,52.0
Y87wssIvAzfpJA1z7WGawlIQl7mNFDWzmKS/FlLtLA8=,257000,458,徐佳瑩 (Lala Hsu),Demo composer 17,,-1.0
itxXLRAtaLyj+idcWIsuKB0AEzijUgPrMhAvAKUSE2k=,258000,465,范瑋琪 (Christine Fan),,Demo lyricist 08,3.0
wfSboJwFBF6YyVmGO0wCeRtMdrqwkOgwPHV+YmSUl5Y=,259000,921,王力宏 (Leehom Wang),Demo composer 19,,10.0
a4TbK5V15pj3YZUOGa9h2U3t0OsE+3aiFw41mNlcgcw=,260000,1259,張學友 (Jacky Cheung),Demo composer 20,,17.0
22wN6a2Q/qVQosA8OBfVg6AbwvI2KJnZ35DXLqpLHJg=,261000,139,兄弟本色G.U.T.S. (姚中仁、張震嶽、頑童MJ116),,,24.0
ZcKgNis1AP1LA0sdtIddrtk7P04iiJzJrXvwXdT/X3Q=,262000,1609,Ed Sheeran,Demo composer 22,,31.0
95c7DAPEYsXPp72TZ4teA4ErdV1TNjajZcdk/if6AVM=,263000,2022,動力火車 (Power Station),Demo composer 23,,52.0
FcbwzPm3n/PP+UZAjJaKFggjPSjyZ7YyxBA7LlheYi4=,264000,2122,畢書盡 (Bii),,Demo lyricist 14,-1.0
YKXNGyMdm+M370+YcJdqTDhPN1gJgBj+F5rmrdnPZT4=,265000,359,BANGTAN BOYS,Demo composer 25,,3.0
x6u5YRNWfWRwBSupKIjHonX/pAAr4HtXW4ZUIh7/iPo=,266000,444,蔡健雅 (Tanya Chua),Demo composer 26,,10.0
aliCzBpL9zzI8nFr83ElP3cL4bdEPejIRtT7HY09fEs=,267000,458,Taylor Swift,,,17.0
7vGvrf5l1XzNbeLZXzQgaNvc2VBmncarpN3LQpLUZiY=,268000,465,CHARLIE PUTH,Demo composer 28,,24.0
+WZeyJdxSPcag6xHLPjJOfJoc1haKiC4j0BcbZHG5ig=,269000,921,TWICE,Demo composer 29,,31.0
Z2Y3t/lsoBgA/2HAfy3UP+QWfdckt9BK2u6n8xwqkng=,270000,1259,Various Artists,,Demo lyricist 00,52.0
Knq4ruFJI2OJlOtotwq3fuWueMlXcUeS3oxVEYlKoC4=,271000,139,周杰倫 (Jay Chou),Demo composer 01,,-1.0
dKsoBHe5cVhyQSU8CimXs4ysaAky4RNgBwIafHaLkik=,272000,1609,五月天 (Mayday),Demo composer 02,,3.0
KxxFN09YQwSN0eAJSUf2xa5ZKjyZmX3nIVKM+zKxq6Q=,273000,2022,林俊傑 (JJ Lin),,,10.0
pCf4HI+z4rQsY9FF79m+Sojnl207qtHqtOWU2VFW1ZE=,274000,2122,田馥甄 (Hebe),Demo composer 04,,17.0
xeyouM+hIjUtImV20of0p7SrDY4UnejP5Q/BnCHYG00=,275000,359,aMEI (張惠妹),Demo composer 05,,24.0
A+RNE+nwHzzYdQliLcF1YcaMpmDL91TAbz8xALp4FEM=,276000,444,陳奕迅 (Eason Chan),,Demo lyricist 06,31.0
zcieWa7/2VeVp0m0fa95RI3i6FIfNTMzVvYXm3X64Y8=,277000,458,玖壹壹,Demo composer 07,,52.0
HTu0yj2OGmSKPV6I6ktmb6DnmnZY8ZSFrrzNFR/MOfQ=,278000,465,G.E.M.鄧紫棋,Demo composer 08,,-1.0
Sb2AlcokNNB8/NfoJjK+C/N5lmET1mY6HAd781MxQy0=,279000,921,BIGBANG,,,3.0
7XjSvrL47/EJD2mNR0e2Ja+ed/Dm0j35tKPQLiO2Hjk=,280000,1259,謝和弦 (R-chord),Demo composer 10,,10.0
Tp37bk/x3F8bFpANiXXKtuLaaNtHDeQwsNUxYHNE4VY=,281000,139,Maroon 5,Demo composer 11,,17.0
u67UjhgKuy5EciXXCkJvpAYxT+l8agXUqFuD5Hs3STc=,282000,1609,A-Lin,,Demo lyricist 12,24.0
qHD46j2HpNipwKHtoE0035AIr+FAdNYaSi1VNT3gACk=,283000,2022,Eric 周興哲,Demo composer 13,,31.0
8OsXpp32oqorzAN4NNkVouaV0I81ddPLZ8DxMRAGJdQ=,284000,2122,蔡依林 (Jolin Tsai),Demo composer 14,,52.0
4eWKqiadX4L+cYSy1VEcazqQDV1YxvYo1YHU5VR81pM=,285000,359,蘇打綠 (Sodagreen),,,-1.0
GRaVokpHF2Uk3hgKnyJ2mDSmHvie4lyE0i6l5rA2yWU=,286000,444,楊丞琳 (Rainie Yang),Demo composer 16,,3.0
/SfOXDLarv4WeXEX6g9GfKgd1R+BnBG2+k/vanWU5FA=,287000,458,丁噹 (Della),Demo composer 17,,10.0
/vRMwxfCQC55cFGMLtxZlAqhDFW/aPQMGdkRnykeWyc=,288000,465,梁靜茹 (Fish Leong),,Demo lyricist 18,17.0
ufjl9/oJJRQx/0JUEBaIeyE82HP0CF7Fy2LwOIiNiYY=,289000,921,The Chainsmokers,Demo composer 19,,24.0
CivTL87a654wHFVt1BEZu+cryDKO8mYRsrxpEW8oVm8=,290000,1259,郭靜 (Claire Kuo),Demo composer 20,,31.0
D1tFsBLd9VWbonfb6Vek0BI2EJB6udLOuV/x+ptYpOI=,291000,139,林宥嘉 (Yoga Lin),,,52.0
cwzdOoAlwP2AgUSgePv+UwafMqm7v7gJeFARD3rw7gA=,292000,1609,八三夭 (The Last Day of Summer 831),Demo composer 22,,-1.0
p0vznXPDpqFXtJzcvx4f9NxqLDC+1PQ9/Prr8kUdSuc=,293000,2022,蕭敬騰 (Jam Hsiao),Demo composer 23,,3.0
6QMvPiMG6bKF5+C4fSsfeR/LGNMiwL55HNhd3BcvSKE=,294000,2122,吳克群 (Kenji Wu),,Demo lyricist 04,10.0
WJyW1Eqg3hXHl2+JB/qMSAQ/3VxqSNVvPniD/ReCo2I=,295000,359,韋禮安 (William Wei),Demo composer 25,,17.0
bFbleyVHx6Nr9tHMr4OybO2i3A4FS2Be0/62K2+FSpY=,296000,444,Alan Walker,Demo composer 26,,24.0
7NV5ZpaFlc7e3fjuxNiiuL0+HEr8qASFr+HHztIhwGY=,297000,458,李榮浩,,,31.0
O+azAuxxhTE27OXm23raLUOTey/RS3+sceZDO2iFXys=,298000,465,周湯豪 (NICKTHEREAL),Demo composer 28,,52.0
5myS1WHBGGzoGGXLLGo/tIuHzWsyp0Ez0NoLWKdkA9Y=,299000,921,莊心妍,Demo composer 29,,-1.0
XgLDH2I0dmKXQNQTMsNyGSy5oz+o6o6jPTqj0I8abFY=,300000,1259,S.H.E,,Demo lyricist 10,3.0
HbqkjwnnIt6BtfmvVyXTdPHAsFCYxU74sv8+s1lfIwE=,301000,139,Bruno Mars,Demo composer 01,,10.0
yBHK9ZzaYyeNaPr1ucAkD3RH7dKwaEY8dtplxwkxr44=,302000,1609,孫燕姿 (Yanzi Sun),Demo composer 02,,17.0
GKgBgCnz9R8OWDdGeYgQS0TPHe8no8VWvxj4+4PSjao=,303000,2022,江蕙 (Jody Jiang),,,24.0
rcPNzl8xjj74tjZDop961+ugDVJKx4mdgh7L1xJ85FI=,304000,2122,陳勢安 (Andrew Tan),Demo composer 04,,31.0
YBrWf/Hac5La5V2HZ80Mi70NzUcTehVDWhkIp8h4Klg=,305000,359,孫盛希 (Shi Shi),Demo composer 05,,52.0
CfOyUSvBAIGhsUEcZ6hTnWLLaQrDtzVmoIdmIMXBOTA=,306000,444,Justin Bieber,,Demo lyricist 16,-1.0
RxCEvZAXgnh1ZDlQBuVb/J9xpnopFSJBaBxLqGZIXSs=,307000,458,徐佳瑩 (Lala Hsu),Demo composer 07,,3.0
B+lDDFfdRD9WVY2vdfJX3DXLlKohkLJC+mxE+Hfnh/o=,308000,465,范瑋琪 (Christine Fan),Demo composer 08,,10.0
JVwoBKjxxE9L/IpNKsSCJJIYHcxvwxOKbFnM3TLwcTQ=,309000,921,王力宏 (Leehom Wang),,,17.0
7sD/47OK7UjsdmBjtLCUTIdX9Df8TjpHyOOeA0Koxy8=,310000,1259,張學友 (Jacky Cheung),Demo composer 10,,24.0
01dMXfqYr3EWV8V4ccmHMNy45+7YG8TBmGJ4IVWOduc=,311000,139,兄弟本色G.U.T.S. (姚中仁、張震嶽、頑童MJ116),Demo composer 11,,31.0
1GI0GC3w9c0tDD2s0qP15DxrLUs9JX9XW6fKbY0rBZ8=,312000,1609,Ed Sheeran,,Demo lyricist 02,52.0
7zFV1bMlN//PbeZut5RL6SnRlZ7/9nBKIXf/dzhK9kM=,313000,2022,動力火車 (Power Station),Demo composer 13,,-1.0
BxDBwZ9N4vb18iY72TA2T1VROqz00TpBvOVeefkm9KM=,314000,2122,畢書盡 (Bii),Demo composer 14,,3.0
LnbFBEyneTI7mID7Pw+s14Kf3o73LucRxwS3Wpfjsf4=,315000,359,BANGTAN BOYS,,,10.0
R0OblQ0po9uQ3LqOiECHcoyAupHbLkslFkvX52Ukhek=,316000,444,蔡健雅 (Tanya Chua),Demo composer 16,,17.0
jZVQRajq2WbbIoSiF5MSCyJKgTt7tpITHayD3PYKg88=,317000,458,Taylor Swift,Demo composer 17,,24.0
2yDSviY+pVsksCfkmh9SyW1ulVkGtYFRpITn6jjCcCA=,318000,465,CHARLIE PUTH,,Demo lyricist 08,31.0
fDBtAj8rHHCQGeSsDEeT0WA3gSp6p7g3z71981gFuQA=,319000,921,TWICE,Demo composer 19,,52.0
edlow+cUeR+1RqGQ87VV7D3gqMw0amQYGEZZDm+sm7Q=,320000,1259,Various Artists,Demo composer 20,,-1.0
Zks8Is+xdBwLuMg0lYynAU4FanLNf/tyuZ8d7IEvY9c=,321000,139,周杰倫 (Jay Chou),,,3.0
JgOfPnluwAsKhpdLQgbfoSHpaZ74zcWYPqhhvhmFAtY=,322000,1609,五月天 (Mayday),Demo composer 22,,10.0
yLoN4bFNhNb3LXZ4EdnptePHtj3Ztmrw/p13qGn3GTw=,323000,2022,林俊傑 (JJ Lin),Demo composer 23,,17.0
9tMmo3BI0ElPvI5O0DoVc4u12TzxgEdtwTadElAbc1U=,324000,2122,田馥甄 (Hebe),,Demo lyricist 14,24.0
IhNTvk4edMSv0PCLIS6Ry23aEYtKEA/KwbJNi1OV84A=,325000,359,aMEI (張惠妹),Demo composer 25,,31.0
HsgJXv1C7iVZiP7CWwWTfsmMhia6Huc0MUccfj+D02o=,326000,444,陳奕迅 (Eason Chan),Demo composer 26,,52.0
uaU3VI7KA2xoQkGkSC4NNOMFmHL9R85kdR7eyY5Pc9M=,327000,458,玖壹壹,,,-1.0
uWfF+7Tl/V+phd01+33EDRjMiRZz4adW0bI/Mh194L8=,328000,465,G.E.M.鄧紫棋,Demo composer 28,,3.0
Y2CFnBr/mdTuaxOu3vKcbuUBE0UmhAIx+Pkgazp+j4c=,329000,921,BIGBANG,Demo composer 29,,10.0
J3iRhTSYqG12XgzsbOSJYdIFWZ39JaYoP3XSWM/pcHM=,150000,1259,謝和弦 (R-chord),,Demo lyricist 00,17.0
eSerI0GiRKmKVwhbY05QQi6DSRrCz4/vhiyvipqURDk=,151000,139,Maroon 5,Demo composer 01,,24.0
9YRkIrpN2f9PtHpeYsE03vYy9X7RpIR9XmGtxuyO5iY=,152000,1609,A-Lin,Demo composer 02,,31.0
fvFw8C8/hBGjtRs+4+bPpo6Ytw9YG0pLOwWJf3YAVhY=,153000,2022,Eric 周興哲,,,52.0
b7yydI1iGdF/kFybrbVHHDXeI/9stzEWK1i77MLj4rU=,154000,2122,蔡依林 (Jolin Tsai),Demo composer 04,,-1.0
vkagi2Lrvjx/FxLWE6FHZFoDoOaSWI052fEQCwouDUs=,155000,359,蘇打綠 (Sodagreen),Demo composer 05,,3.0
B4o9XjQJPJGGJr63sxzS4LUoQOrNhyVU1DersrYXRlI=,156000,444,楊丞琳 (Rainie Yang),,Demo lyricist 06,10.0
3W6VBSN09a/Vh9w1Fwmdus4H4xxmde/yu0RBgMcTtZM=,157000,458,丁噹 (Della),Demo composer 07,,17.0
WDhQhhbq+bwhBY642Fx3e5eGBdvqzzXmwiouCaVI0R0=,158000,465,梁靜茹 (Fish Leong),Demo composer 08,,24.0
YpeEDiJw4nf+dGvwJJqGWlFsbJp2cRxhmB3vioPeU0E=,159000,921,The Chainsmokers,,,31.0
wH3O5bbWPKwaed4dTZHBx//gQ5BzAjdnyaHM8hozEiY=,160000,1259,郭靜 (Claire Kuo),Demo composer 10,,52.0
VdVi5NKMJeRDsz4+3xvrpu66FNVTcQ4G26TXoUxW8bU=,161000,139,林宥嘉 (Yoga Lin),Demo composer 11,,-1.0
eW1d3l1sSncU4sGM69MJtIG79wnXbdy8FZKpFVElS0g=,162000,1609,八三夭 (The Last Day of Summer 831),,Demo lyricist 12,3.0
plcKSDtGLCbnZbKxbsASN8Lz+EtSEkRW5WJ8eA8UA8g=,163000,2022,蕭敬騰 (Jam Hsiao),Demo composer 13,,10.0
yn6Kt6+romPpZ1i6+hqI3WJ42G5SdsX3a+l59IaMcp4=,164000,2122,吳克群 (Kenji Wu),Demo composer 14,,17.0
d2k4F/IYpmudgfCxsRAXVHBdYHPfcWmhCYmjdXxigLE=,165000,359,韋禮安 (William Wei),,,24.0
4ZISq5iNKgBGGW2OvKBBzBsYXRohcJYFkqx3uVFCAuA=,166000,444,Alan Walker,Demo composer 16,,31.0
FaTUlIiCh/6sEOasPm1vgIk9XqavgSGgRGYuOkzTF0o=,167000,458,李榮浩,Demo composer 17,,52.0
NCF0FSjNTEchB0wNZ9IL5UfzApFMK71jBhQWuSIacmY=,168000,465,周湯豪 (NICKTHEREAL),,Demo lyricist 18,-1.0
qiF4WAvKyVZZIBi4oSntG2GrHa1+p3oMaiZBXUpeDT8=,169000,921,莊心妍,Demo composer 19,,3.0
9uDuRF+ToaleR51vHf8IEw4NEKDJXRo/rVRV2011aSM=,170000,1259,S.H.E,Demo composer 20,,10.0
bG9ptdK+Pb7m4ozflF/RjUqbG/uo5ipgAo1ffT8mnfU=,171000,139,Bruno Mars,,,17.0
VRv9apZlj7gcyYq1zz2eZsYOnpnoNg+e4GG0b0b0Glo=,172000,1609,孫燕姿 (Yanzi Sun),Demo composer 22,,24.0
31Tp9mUO5cVc8fEd67bI5GTrfev3MiXPUokaum1m3K8=,173000,2022,江蕙 (Jody Jiang),Demo composer 23,,31.0
3OvsjjGFnEouJggaSOMVUVgzrgoTRtKd97GVQlQXUWQ=,174000,2122,陳勢安 (Andrew Tan),,Demo lyricist 04,52.0
kE+FVLsG03zTzYoGVDqTmVkoSKC9DjJwQr2puF6MkOI=,175000,359,孫盛希 (Shi Shi),Demo composer 25,,-1.0
PWxngjBL3gt2KhdKy8MwEYTgAw/lkL9F/lqqjciktFk=,176000,444,Justin Bieber,Demo composer 26,,3.0
WLWYK2ULyKhj/FAWvhEOVQuDlZmsmTkKscwahrXsoBM=,177000,458,徐佳瑩 (Lala Hsu),,,10.0
wxghAK3cq1rb0Kkyx6dSxzKGYadE8TQWF9L6dq9B1Is=,178000,465,范瑋琪 (Christine Fan),Demo composer 28,,17.0
A8VVQOKrMDk0G8oU6z8qJ5Ggs5DneqlCpdoiKqKYIfY=,179000,921,王力宏 (Leehom Wang),Demo composer 29,,24.0
LFxbY1lvAdJXl0Pa/SRc0GrBc6js3NobwKR2qsm1T/o=,180000,1259,張學友 (Jacky Cheung),,Demo lyricist 10,31.0
jpq9yBIzCyyWbLcrGFWHYyXpFZ8N4b9FgKC4qFj04gk=,181000,139,兄弟本色G.U.T.S. (姚中仁、張震嶽、頑童MJ116),Demo composer 01,,52.0
gffrcQ9mFCfCwM4Gx7ArXpR8J749p3tfh/tM0chIODo=,182000,1609,Ed Sheeran,Demo composer 02,,-1.0
8ZT1ADO1qNipe/T41z8XASvyZRgdBUL5oung7zV5am4=,183000,2022,動力火車 (Power Station),,,3.0
gG3/58uZyyOwaPT+eGWL81mwCzcDPW2EmwYcjWmvJSs=,184000,2122,畢書盡 (Bii),Demo composer 04,,10.0
z8xAhD/t0v/wUKZ8Rz0Pwojr5psdmUQn3/eu0Yw11zQ=,185000,359,BANGTAN BOYS,Demo composer 05,,17.0
SKRQpz3EM5UIxT2LCGzK5k0aYg4QtyHWtr0L/EK6By8=,186000,444,蔡健雅 (Tanya Chua),,Demo lyricist 16,24.0
2xoPPf/RyHAxRqSSP41itnzRofW3noLzFLGfmvREFQQ=,187000,458,Taylor Swift,Demo composer 07,,31.0
6pe6XOKc+06NhkgrFitOb/EKMj910AlS34LdhP510LE=,188000,465,CHARLIE PUTH,Demo composer 08,,52.0
XVAiWjCX02nhNZ8t4bKfJOsVU51bG0YJXuOUl00tTgY=,189000,921,TWICE,,,-1.0
